sellerRating,Duration,ClosePrice,OpenPrice,currencyUS,currencyGBP,currencyEUR,competitive
3249,5,0.01,0.01,1,0,0,no
3249,5,0.01,0.01,1,0,0,no
3249,5,0.01,0.01,1,0,0,no
3249,5,0.01,0.01,1,0,0,no
3249,5,0.01,0.01,1,0,0,no
3249,5,0.01,0.01,1,0,0,no
3249,5,0.01,0.01,1,0,0,no
3249,5,0.01,0.01,1,0,0,no
3249,5,0.01,0.01,1,0,0,no
3249,5,0.01,0.01,1,0,0,no
3249,5,0.01,0.01,1,0,0,no
3249,5,0.01,0.01,1,0,0,no
3249,5,0.01,0.01,1,0,0,no
3249,5,0.01,0.01,1,0,0,no
3249,5,0.01,0.01,1,0,0,no
3249,5,0.01,0.01,1,0,0,no
3115,7,0.01,0.01,1,0,0,no
3115,7,0.01,0.01,1,0,0,no
3115,7,0.01,0.01,1,0,0,no
3115,7,0.01,0.01,1,0,0,no
3115,7,0.01,0.01,1,0,0,yes
3115,7,0.01,0.01,1,0,0,yes
37727,7,0.01,0.01,1,0,0,no
3249,5,0.06,0.01,1,0,0,yes
3249,5,0.1,0.01,1,0,0,yes
34343,1,0.11,0.01,1,0,0,yes
3249,5,0.11,0.01,1,0,0,yes
3249,5,0.17,0.01,1,0,0,yes
3249,5,0.17,0.01,1,0,0,yes
3249,5,0.21,0.01,1,0,0,yes
3249,5,0.55,0.01,1,0,0,yes
3249,5,0.55,0.01,1,0,0,yes
3249,5,1.05,0.01,1,0,0,yes
3249,5,1.25,0.01,1,0,0,yes
3249,5,1.25,0.01,1,0,0,yes
3249,5,1.25,0.01,1,0,0,yes
3249,5,1.25,0.01,1,0,0,yes
3249,5,1.29,0.01,1,0,0,yes
3249,5,1.3,0.01,1,0,0,yes
3249,5,1.32,0.01,1,0,0,yes
3249,5,1.32,0.01,1,0,0,yes
3249,5,1.37,0.01,1,0,0,yes
3249,5,1.5,0.01,1,0,0,yes
3249,5,1.58,0.01,1,0,0,yes
3249,5,1.75,0.01,1,0,0,yes
3249,5,2,0.01,1,0,0,yes
3249,5,2,0.01,1,0,0,yes
3249,5,2,0.01,1,0,0,yes
3249,5,2.05,0.01,1,0,0,yes
3249,5,2.13,0.01,1,0,0,yes
3249,5,2.25,0.01,1,0,0,yes
3249,5,2.25,0.01,1,0,0,yes
3249,5,2.3,0.01,1,0,0,yes
3115,7,2.31,0.01,1,0,0,yes
3249,5,2.33,0.01,1,0,0,yes
3249,5,2.8,0.01,1,0,0,yes
3249,5,3,0.01,1,0,0,yes
3249,5,3,0.01,1,0,0,yes
3249,5,3.01,0.01,1,0,0,yes
3249,5,3.06,0.01,1,0,0,yes
3249,5,3.08,0.01,1,0,0,yes
3249,5,3.25,0.01,1,0,0,yes
3249,5,3.25,0.01,1,0,0,yes
3249,5,3.25,0.01,1,0,0,yes
3249,5,3.25,0.01,1,0,0,yes
3249,5,3.26,0.01,1,0,0,yes
3249,5,3.27,0.01,1,0,0,yes
3249,5,3.3,0.01,1,0,0,yes
3249,5,3.31,0.01,1,0,0,yes
3249,5,3.36,0.01,1,0,0,yes
3249,5,3.5,0.01,1,0,0,yes
3249,5,3.55,0.01,1,0,0,yes
3249,5,3.75,0.01,1,0,0,yes
3249,5,3.75,0.01,1,0,0,yes
3249,5,3.76,0.01,1,0,0,yes
3249,5,3.8,0.01,1,0,0,yes
3249,5,3.8,0.01,1,0,0,yes
3249,5,3.84,0.01,1,0,0,yes
3249,5,4.17,0.01,1,0,0,yes
3249,5,4.25,0.01,1,0,0,yes
3249,5,4.25,0.01,1,0,0,yes
3249,5,4.25,0.01,1,0,0,yes
3249,5,4.25,0.01,1,0,0,yes
37727,7,4.26,0.01,1,0,0,yes
3249,5,4.29,0.01,1,0,0,yes
3249,5,4.31,0.01,1,0,0,yes
3249,5,4.4,0.01,1,0,0,yes
3249,5,4.54,0.01,1,0,0,yes
3249,5,4.75,0.01,1,0,0,yes
3249,5,4.9,0.01,1,0,0,yes
3249,5,5,0.01,1,0,0,yes
3249,5,5,0.01,1,0,0,yes
3249,5,5.01,0.01,1,0,0,yes
3249,5,5.5,0.01,1,0,0,yes
3249,5,5.5,0.01,1,0,0,yes
3249,5,5.5,0.01,1,0,0,yes
3249,5,5.52,0.01,1,0,0,yes
3249,5,5.52,0.01,1,0,0,yes
3249,5,6,0.01,1,0,0,yes
3249,5,6.01,0.01,1,0,0,yes
3249,5,6.15,0.01,1,0,0,yes
3249,5,6.18,0.01,1,0,0,yes
3249,5,6.5,0.01,1,0,0,yes
3249,5,6.5,0.01,1,0,0,yes
3249,5,6.5,0.01,1,0,0,yes
3249,5,6.5,0.01,1,0,0,yes
29,7,11.6,0.017846154,0,1,0,yes
3249,5,6.55,0.01,1,0,0,yes
3249,5,6.71,0.01,1,0,0,yes
3249,5,7,0.01,1,0,0,yes
3249,5,7,0.01,1,0,0,yes
3249,5,7,0.01,1,0,0,yes
3249,5,7.05,0.01,1,0,0,yes
3249,5,7.5,0.01,1,0,0,yes
3249,5,7.5,0.01,1,0,0,yes
3249,5,7.5,0.01,1,0,0,yes
3249,5,7.51,0.01,1,0,0,yes
3249,5,7.55,0.01,1,0,0,yes
3249,5,8.01,0.01,1,0,0,yes
3249,5,8.05,0.01,1,0,0,yes
3249,5,8.05,0.01,1,0,0,yes
3249,5,8.26,0.01,1,0,0,yes
3249,5,8.49,0.01,1,0,0,yes
3249,5,8.5,0.01,1,0,0,yes
3249,5,8.5,0.01,1,0,0,yes
3249,5,9.39,0.01,1,0,0,yes
3249,5,9.5,0.01,1,0,0,yes
3249,5,9.99,0.01,1,0,0,yes
3249,5,10,0.01,1,0,0,yes
3249,5,10,0.01,1,0,0,yes
3249,5,10.5,0.01,1,0,0,yes
3249,5,10.5,0.01,1,0,0,yes
3249,5,10.5,0.01,1,0,0,yes
352,7,11.5,0.01,1,0,0,yes
3249,5,11.55,0.01,1,0,0,yes
3249,5,11.71,0.01,1,0,0,yes
3249,5,15.5,0.01,1,0,0,yes
2991,7,0.98,0.534545455,0,1,0,yes
3249,5,18,0.01,1,0,0,yes
3249,5,18.5,0.01,1,0,0,yes
1,5,20.7,0.01,1,0,0,yes
1,5,22,0.01,1,0,0,yes
1,5,23.65,0.01,1,0,0,yes
5450,3,26,0.01,1,0,0,yes
1,5,26,0.01,1,0,0,yes
3249,5,27,0.01,1,0,0,yes
1029,7,1.07,1.07,0,1,0,no
1029,7,1.07,1.07,0,1,0,no
2991,7,2.14,0.535,0,1,0,yes
2991,7,2.16,0.53553719,0,1,0,yes
1,5,43,0.01,1,0,0,yes
1,5,46.02,0.01,1,0,0,yes
30,7,0.7,0.7,1,0,0,no
1029,7,1.25,1.25,0,1,0,no
1029,7,1.25,1.25,0,1,0,no
1029,7,1.25,1.25,0,1,0,no
1029,7,1.25,1.25,0,1,0,yes
70,7,1.86,0.894230769,0,1,0,yes
1,5,52.02,0.01,1,0,0,yes
1,5,61.05,0.01,1,0,0,yes
4,5,62,0.01,1,0,0,yes
2991,7,3.929999999,0.535909091,0,1,0,yes
1029,7,1.7,1.252631579,0,1,0,yes
2991,7,5.180000001,0.535862069,0,1,0,yes
411,3,0.99,0.99,1,0,0,yes
793,3,0.99,0.99,1,0,0,yes
3277,3,0.99,0.99,1,0,0,no
3277,3,0.99,0.99,1,0,0,no
3277,3,0.99,0.99,1,0,0,no
841,5,0.99,0.99,1,0,0,no
841,5,0.99,0.99,1,0,0,no
841,5,0.99,0.99,1,0,0,no
841,5,0.99,0.99,1,0,0,no
841,5,0.99,0.99,1,0,0,yes
2220,5,0.99,0.99,1,0,0,no
109,7,0.99,0.99,1,0,0,no
149,7,1.77,1.77,0,1,0,no
149,7,1.77,1.77,0,1,0,no
215,7,1.77,1.77,0,1,0,no
2695,7,0.99,0.99,1,0,0,no
2695,7,0.99,0.99,1,0,0,no
2695,7,0.99,0.99,1,0,0,no
2695,7,0.99,0.99,1,0,0,no
2695,7,0.99,0.99,1,0,0,no
2991,7,1.77,1.77,0,1,0,no
2991,7,1.77,1.77,0,1,0,no
2991,7,1.77,1.77,0,1,0,no
2991,7,1.77,1.77,0,1,0,no
3380,7,1.77,1.77,0,1,0,no
3380,7,1.77,1.77,0,1,0,yes
3385,7,0.99,0.99,1,0,0,no
4790,7,0.99,0.99,1,0,0,no
743,3,1,1,1,0,0,yes
9,5,1.23,1.23,0,0,1,no
113,5,1,1,1,0,0,no
158,5,1.23,1.23,0,0,1,no
410,5,1.23,1.23,0,0,1,no
666,5,1.23,1.23,0,0,1,no
865,5,1.23,1.23,0,0,1,no
865,5,1.23,1.23,0,0,1,no
1301,5,1.23,1.23,0,0,1,no
27,7,1.23,1.23,0,0,1,no
27,7,1.23,1.23,0,0,1,no
29,7,1.23,1.23,0,0,1,no
41,7,1.23,1.23,0,0,1,no
104,7,1.23,1.23,0,0,1,no
104,7,1.23,1.23,0,0,1,no
858,7,1.23,1.23,0,0,1,no
1317,7,1,1,1,0,0,yes
1515,7,1.23,1.23,0,0,1,no
1550,7,1.23,1.23,0,0,1,no
1550,7,1.23,1.23,0,0,1,no
1550,7,1.23,1.23,0,0,1,no
1550,7,1.23,1.23,0,0,1,no
1550,7,1.23,1.23,0,0,1,no
2162,7,1.23,1.23,0,0,1,no
2162,7,1.23,1.23,0,0,1,yes
5292,7,1.78,1.78,0,1,0,no
5292,7,1.78,1.78,0,1,0,no
23,10,1.23,1.23,0,0,1,no
54,10,1.23,1.23,0,0,1,no
89,10,1.23,1.23,0,0,1,no
100,10,1.23,1.23,0,0,1,no
165,10,1.23,1.23,0,0,1,no
279,10,1.23,1.23,0,0,1,no
684,10,1.23,1.23,0,0,1,no
865,10,1.23,1.23,0,0,1,no
865,10,1.23,1.23,0,0,1,no
865,10,1.23,1.23,0,0,1,no
865,10,1.23,1.23,0,0,1,no
1075,10,1.23,1.23,0,0,1,no
1386,10,1.23,1.23,0,0,1,no
1645,10,1.23,1.23,0,0,1,no
1645,10,1.23,1.23,0,0,1,no
1853,10,1.23,1.23,0,0,1,no
1853,10,1.23,1.23,0,0,1,no
1853,10,1.23,1.23,0,0,1,no
2163,10,1.23,1.23,0,0,1,no
2404,10,1.23,1.23,0,0,1,no
2638,10,1.23,1.23,0,0,1,no
2638,10,1.23,1.23,0,0,1,no
2638,10,1.23,1.23,0,0,1,no
2638,10,1.23,1.23,0,0,1,no
3057,10,1.23,1.23,0,0,1,no
3375,10,1.23,1.23,0,0,1,no
3375,10,1.23,1.23,0,0,1,no
5701,10,1.23,1.23,0,0,1,no
5701,10,1.23,1.23,0,0,1,no
5701,10,1.23,1.23,0,0,1,no
5701,10,1.23,1.23,0,0,1,no
5701,10,1.23,1.23,0,0,1,no
5701,10,1.23,1.23,0,0,1,no
5701,10,1.23,1.23,0,0,1,no
5701,10,1.23,1.23,0,0,1,yes
5701,10,1.23,1.23,0,0,1,yes
2991,7,1.86,1.770576923,0,1,0,yes
2991,7,6.600000001,0.535135135,0,1,0,yes
533,7,112.5,0.01,1,0,0,yes
1,5,112.52,0.01,1,0,0,yes
1386,3,4.75,0.25,1,0,0,yes
53,7,2.14,1.7655,0,1,0,yes
2695,7,1.25,0.99,1,0,0,yes
1124,7,1.25,1,1,0,0,yes
1029,7,3.03,1.425882353,0,1,0,yes
2991,7,8.39,0.535531915,0,1,0,yes
53,7,2.57,1.766875,0,1,0,yes
2991,7,2.57,1.766875,0,1,0,yes
3277,3,1.5,0.99,1,0,0,yes
1550,7,1.840000001,1.226666667,0,0,1,yes
1550,7,1.840000001,1.226666667,0,0,1,yes
1550,7,1.840000001,1.226666667,0,0,1,yes
1550,7,1.840000001,1.226666667,0,0,1,yes
1550,7,1.840000001,1.226666667,0,0,1,yes
743,10,1.840000001,1.226666667,0,0,1,yes
2163,10,1.840000001,1.226666667,0,0,1,yes
5701,10,1.840000001,1.226666667,0,0,1,yes
3380,7,2.23,2.23,0,1,0,no
53,7,2.86,1.769625,0,1,0,yes
2991,7,9.819999998,0.535636364,0,1,0,yes
53,7,3.020000001,1.769112427,0,1,0,yes
53,7,3.03,1.764529412,0,1,0,yes
215,7,3.03,1.764529412,0,1,0,yes
1033,10,2.08,1.230769231,0,0,1,yes
53,7,3.12,1.765028572,0,1,0,yes
53,7,3.389999999,1.766368421,0,1,0,yes
1,5,188.33,0.01,1,0,0,yes
1553,10,1.71,1.71,0,0,1,no
2991,7,11.6,0.535384616,0,1,0,yes
1550,7,2.46,1.23,0,0,1,yes
1550,7,2.46,1.23,0,0,1,yes
1550,7,2.46,1.23,0,0,1,yes
2638,10,2.46,1.23,0,0,1,yes
53,7,3.750000001,1.767857143,0,1,0,yes
1148,3,3.929999999,1.7685,0,1,0,yes
1148,3,3.929999999,1.7685,0,1,0,yes
841,5,2.2,0.99,1,0,0,yes
118,7,3.929999999,1.7685,0,1,0,yes
53,7,3.94,1.764977376,0,1,0,yes
104,7,1.829999999,1.829999999,0,0,1,no
201,7,2.66,2.66,0,1,0,no
945,7,1.49,1.49,1,0,0,no
2731,7,2.66,2.66,0,1,0,no
1553,10,1.829999999,1.829999999,0,0,1,no
3380,7,2.680000001,2.680000001,0,1,0,no
300,10,1.840000001,1.840000001,0,0,1,no
300,10,1.840000001,1.840000001,0,0,1,no
300,10,1.840000001,1.840000001,0,0,1,no
53,7,4.279999999,1.7655,0,1,0,yes
53,7,4.279999999,1.7655,0,1,0,yes
1301,5,3.07,1.228,0,0,1,yes
104,7,3.07,1.228,0,0,1,yes
765,7,3.07,1.228,0,0,1,yes
1386,10,3.07,1.228,0,0,1,yes
15,10,3.089999999,1.231075697,0,0,1,yes
429,3,3.020000001,2.662603551,0,1,0,yes
53,7,4.640000001,1.766769231,0,1,0,yes
77,7,4.82,1.767333333,0,1,0,yes
841,5,2.78,0.99,1,0,0,yes
53,7,5.349999999,1.7655,0,1,0,yes
2731,7,3.57,2.65965,0,1,0,yes
1553,10,2.46,1.8327,0,0,1,yes
221,7,3.69,1.23,0,0,1,yes
41,10,3.69,1.23,0,0,1,yes
41,10,3.69,1.23,0,0,1,yes
268,10,2.46,1.845,0,0,1,yes
5701,10,3.699999999,1.22923588,0,0,1,yes
3057,10,3.750000001,1.229508197,0,0,1,yes
841,5,3.2,0.99,1,0,0,yes
53,7,5.71,1.76653125,0,1,0,yes
53,7,5.71,1.76653125,0,1,0,yes
743,3,3.25,1,1,0,0,yes
2991,7,20.52,0.535304348,0,1,0,yes
170,7,4.300000002,1.228571429,0,0,1,yes
1661,7,4.329999999,1.230113636,0,0,1,yes
104,10,4.430000002,1.230555556,0,0,1,yes
1954,7,6.620000001,1.766522911,0,1,0,yes
293,10,6.620000001,1.766522911,0,1,0,yes
1148,3,6.659999999,1.76766756,0,1,0,yes
2378,3,390,0.01,1,0,0,yes
841,5,4,0.99,1,0,0,yes
5564,7,4,0.99,1,0,0,yes
72,1,2.45,2.45,0,0,1,no
72,1,2.45,2.45,0,0,1,no
105,3,2.45,2.45,0,0,1,no
681,3,2.45,2.45,0,0,1,no
3114,3,1.99,1.99,1,0,0,no
24,7,2.45,2.45,0,0,1,no
70,7,2.45,2.45,0,0,1,no
70,7,2.45,2.45,0,0,1,no
70,7,2.45,2.45,0,0,1,no
70,7,2.45,2.45,0,0,1,no
104,7,2.45,2.45,0,0,1,no
105,7,2.45,2.45,0,0,1,no
205,7,2.45,2.45,0,0,1,no
205,7,2.45,2.45,0,0,1,no
205,7,2.45,2.45,0,0,1,no
205,7,2.45,2.45,0,0,1,no
212,7,1.99,1.99,1,0,0,no
2731,7,3.55,3.55,0,1,0,no
3380,7,3.55,3.55,0,1,0,no
3380,7,3.55,3.55,0,1,0,no
3385,7,1.99,1.99,1,0,0,no
3385,7,1.99,1.99,1,0,0,no
3385,7,1.99,1.99,1,0,0,no
3385,7,1.99,1.99,1,0,0,no
3385,7,1.99,1.99,1,0,0,no
3385,7,1.99,1.99,1,0,0,no
3385,7,1.99,1.99,1,0,0,no
3385,7,1.99,1.99,1,0,0,no
5350,7,2.45,2.45,0,0,1,no
5350,7,2.45,2.45,0,0,1,no
9003,7,1.99,1.99,1,0,0,no
18,10,2.45,2.45,0,0,1,no
18,10,2.45,2.45,0,0,1,no
18,10,2.45,2.45,0,0,1,yes
300,10,2.45,2.45,0,0,1,no
578,10,2.45,2.45,0,0,1,no
578,10,2.45,2.45,0,0,1,no
578,10,2.45,2.45,0,0,1,no
578,10,2.45,2.45,0,0,1,no
578,10,2.45,2.45,0,0,1,no
578,10,2.45,2.45,0,0,1,no
884,10,2.45,2.45,0,0,1,yes
884,10,2.45,2.45,0,0,1,yes
1545,10,2.45,2.45,0,0,1,no
1545,10,2.45,2.45,0,0,1,no
1545,10,2.45,2.45,0,0,1,no
2382,10,2.45,2.45,0,0,1,no
2507,10,2.45,2.45,0,0,1,no
2507,10,2.45,2.45,0,0,1,no
4366,10,2.45,2.45,0,0,1,no
5701,10,2.45,2.45,0,0,1,no
5701,10,2.45,2.45,0,0,1,no
5701,10,2.45,2.45,0,0,1,no
5701,10,2.45,2.45,0,0,1,no
5701,10,2.45,2.45,0,0,1,no
5827,10,2.45,2.45,0,0,1,no
5827,10,2.45,2.45,0,0,1,no
5827,10,2.45,2.45,0,0,1,no
3277,3,2,2,1,0,0,yes
1301,5,4.92,1.23,0,0,1,yes
52,7,2,2,1,0,0,no
130,7,2.46,2.46,0,0,1,no
376,7,3.57,3.57,0,1,0,no
2695,7,2,2,1,0,0,no
2695,7,2,2,1,0,0,no
2695,7,2,2,1,0,0,no
2695,7,2,2,1,0,0,no
2696,7,2,2,1,0,0,no
4390,7,2,2,1,0,0,no
53,7,7.500000001,1.767857143,0,1,0,yes
107,10,7.500000001,1.767857143,0,1,0,yes
53,7,7.51,1.766009501,0,1,0,yes
841,5,4.25,0.99,1,0,0,yes
841,5,4.25,0.99,1,0,0,yes
2162,5,2.24,1.99,1,0,0,yes
3385,7,2.24,1.99,1,0,0,yes
3385,7,2.24,1.99,1,0,0,yes
54,5,5.530000001,1.228888889,0,0,1,yes
1301,7,5.600000001,1.230769231,0,0,1,yes
1301,7,5.660000002,1.230434783,0,0,1,yes
17,7,8.39,1.767255319,0,1,0,yes
1842,10,8.39,1.767255319,0,1,0,yes
2696,7,2.34,2,1,0,0,yes
5703,10,9.57,0.5,1,0,0,yes
2507,7,3.060000001,2.445542169,0,0,1,yes
1545,10,3.060000001,2.445542169,0,0,1,yes
5350,5,3.07,2.44372,0,0,1,yes
205,7,3.07,2.44372,0,0,1,yes
569,10,3.07,2.44372,0,0,1,yes
1545,10,3.07,2.44372,0,0,1,yes
1124,3,2.5,2,1,0,0,yes
83,10,6.470000001,1.230038023,0,0,1,yes
3380,7,4.82,3.552518518,0,1,0,yes
841,5,5.5,0.99,1,0,0,yes
841,5,5.5,0.99,1,0,0,yes
841,5,5.5,0.99,1,0,0,yes
17,7,9.819999998,1.7676,0,1,0,yes
1768,7,9.819999998,1.7676,0,1,0,yes
670,7,9.829999999,1.766188748,0,1,0,yes
3385,7,2.75,1.99,1,0,0,yes
2695,7,2.75,2,1,0,0,yes
442,10,6.76,1.229090909,0,0,1,yes
5701,10,6.76,1.229090909,0,0,1,yes
88,7,9.829999999,1.784029038,0,1,0,yes
3385,7,2.8,1.99,1,0,0,yes
3277,3,2.8,2,1,0,0,yes
526,10,6.890000001,1.230357143,0,0,1,yes
841,5,6.01,0.99,1,0,0,yes
1545,10,3.69,2.4477,0,0,1,yes
1545,10,3.69,2.4477,0,0,1,yes
5701,10,3.69,2.4477,0,0,1,yes
863,10,3.699999999,2.446179401,0,0,1,yes
526,10,7.389999997,1.229617304,0,0,1,yes
1545,10,3.729999999,2.449735973,0,0,1,yes
920,3,7.589999999,1.230145867,0,0,1,yes
105,7,4.44,4.44,0,1,0,no
105,7,4.44,4.44,0,1,0,no
3277,3,6.27,0.99,1,0,0,yes
510,3,2.5,2.5,1,0,0,no
366,5,2.5,2.5,1,0,0,no
1402,7,3.07,3.07,0,0,1,no
300,10,3.870000001,2.444857144,0,0,1,yes
118,7,11.6,1.766769231,0,1,0,yes
548,10,7.979999998,1.229583975,0,0,1,yes
526,10,7.989999999,1.229230769,0,0,1,yes
526,10,7.989999999,1.229230769,0,0,1,yes
433,5,4.059999999,2.44830303,0,0,1,yes
118,7,11.96,1.767223881,0,1,0,yes
105,7,4.8,4.443122676,0,1,0,yes
3277,3,7,0.99,1,0,0,yes
205,7,4.300000002,2.444857144,0,0,1,yes
526,10,8.61,1.23,0,0,1,yes
205,7,4.369999998,2.449661971,0,0,1,yes
35,1,710,0.01,1,0,0,yes
5701,10,4.430000002,2.448805556,0,0,1,yes
17,7,12.94,1.76697931,0,1,0,yes
105,7,5.16,4.445813149,0,1,0,yes
1054,5,9.38,0.77,1,0,0,yes
170,7,9.219999998,1.229333333,0,0,1,yes
225,7,750,0.01,1,0,0,yes
18,10,9.219999998,1.229333333,0,0,1,yes
526,10,9.240000003,1.230359521,0,0,1,yes
3385,7,2.75,2.75,1,0,0,no
3385,7,2.75,2.75,1,0,0,no
3385,7,2.75,2.75,1,0,0,no
3385,7,2.75,2.75,1,0,0,no
3385,7,2.75,2.75,1,0,0,no
3385,7,2.75,2.75,1,0,0,no
3385,7,2.75,2.75,1,0,0,no
3385,7,2.75,2.75,1,0,0,no
3385,7,2.75,2.75,1,0,0,no
3385,7,2.75,2.75,1,0,0,no
3385,7,2.75,2.75,1,0,0,no
3385,7,2.75,2.75,1,0,0,no
3385,7,2.75,2.75,1,0,0,no
3385,7,2.75,2.75,1,0,0,no
3385,7,2.75,2.75,1,0,0,no
3385,7,2.75,2.75,1,0,0,no
5564,7,2.79,2.79,1,0,0,no
841,5,8,0.99,1,0,0,yes
118,7,14.28,1.76715,0,1,0,yes
105,7,5.71,4.44309375,0,1,0,yes
578,10,4.93,2.446558604,0,0,1,yes
113,7,9.84,1.23,0,0,1,yes
293,10,5.71,4.4609375,0,1,0,yes
638,10,9.860000001,1.229426434,0,0,1,yes
2956,3,81.55,0.1,1,0,0,yes
18,7,9.819999998,2.678181818,0,1,0,yes
79,7,15.15,1.766607774,0,1,0,yes
411,5,8.5,0.99,1,0,0,yes
170,7,10.45,1.229411765,0,0,1,yes
2378,1,860,0.01,1,0,0,yes
119,10,860,0.01,1,0,0,yes
232,3,5.339999999,5.339999999,0,1,0,no
638,3,2.99,2.99,1,0,0,no
315,7,3.680000001,3.680000001,0,0,1,no
3380,7,5.339999999,5.339999999,0,1,0,no
3380,7,5.339999999,5.339999999,0,1,0,no
3380,7,5.339999999,5.339999999,0,1,0,no
3385,7,2.99,2.99,1,0,0,no
3613,7,2.99,2.99,1,0,0,no
3613,7,2.99,2.99,1,0,0,yes
4390,7,2.99,2.99,1,0,0,yes
5564,7,2.99,2.99,1,0,0,no
5564,7,2.99,2.99,1,0,0,no
9003,7,2.99,2.99,1,0,0,no
9003,7,2.99,2.99,1,0,0,no
9003,7,2.99,2.99,1,0,0,no
9003,7,2.99,2.99,1,0,0,no
25433,7,2.99,2.99,1,0,0,no
842,10,11.01,1.230167598,0,0,1,yes
1545,10,5.530000001,2.445488889,0,0,1,yes
3277,3,3,3,1,0,0,no
3277,3,3,3,1,0,0,no
197,7,5.349999999,5.349999999,0,1,0,no
508,7,11.07,1.23,0,0,1,yes
618,7,3.69,3.69,0,0,1,no
2189,7,5.349999999,5.349999999,0,1,0,no
2696,7,3,3,1,0,0,no
1842,10,5.349999999,5.349999999,0,1,0,no
1842,10,5.349999999,5.349999999,0,1,0,no
5701,10,11.07,1.23,0,0,1,yes
3090,10,5.580000001,2.445859031,0,0,1,yes
5827,10,5.720000001,2.447913979,0,0,1,yes
2991,7,55.33000001,0.535451613,0,1,0,yes
471,5,9.5,0.99,1,0,0,yes
841,5,9.5,0.99,1,0,0,yes
743,3,9.72,1,1,0,0,yes
2695,7,3.25,3,1,0,0,yes
1148,3,17.85,1.76715,0,1,0,yes
841,5,10,0.99,1,0,0,yes
1545,10,6.15,2.4477,0,0,1,yes
1545,10,6.15,2.4477,0,0,1,yes
1545,10,6.15,2.4477,0,0,1,yes
508,7,12.3,1.23,0,0,1,yes
1148,3,18.74,1.766914286,0,1,0,yes
841,5,10.5,0.99,1,0,0,yes
17,7,18.74,1.766914286,0,1,0,yes
1054,5,13.51,0.77,1,0,0,yes
193,5,10.52,0.99,1,0,0,yes
841,5,10.55,0.99,1,0,0,yes
508,7,12.91000001,1.22952381,0,0,1,yes
1853,7,4.300000002,3.685714287,0,0,1,yes
1853,7,4.300000002,3.685714287,0,0,1,yes
4390,7,3.27,3.27,1,0,0,no
4366,7,6.76,2.445890909,0,0,1,yes
5701,10,6.76,2.445890909,0,0,1,yes
1180,7,9.819999998,3.57090909,0,1,0,yes
3385,7,4,2.75,1,0,0,yes
1265,7,3.35,3.35,1,0,0,no
1266,7,3.35,3.35,1,0,0,no
1148,3,20.52,1.766504348,0,1,0,yes
390,5,11.5,0.99,1,0,0,yes
2711,5,11.5,0.99,1,0,0,yes
2168,7,14.14,1.229565217,0,0,1,yes
1545,10,7.130000001,2.446327587,0,0,1,yes
266,5,14.28,1.22997416,0,0,1,yes
105,7,8.39,4.444914894,0,1,0,yes
3090,10,7.38,2.4477,0,0,1,yes
269,10,14.72,1.229741019,0,0,1,yes
1545,10,7.429999998,2.447963576,0,0,1,yes
945,7,3.49,3.49,1,0,0,no
2349,10,20.5,0.6,1,0,0,yes
5701,10,15.37,1.2296,0,0,1,yes
197,7,7.500000001,5.357142858,0,1,0,yes
2459,7,4.24,2.99,1,0,0,yes
1322,7,12.83,0.99,1,0,0,yes
17,7,23.22,1.766933129,0,1,0,yes
89,10,8.010000003,2.448525347,0,0,1,yes
3090,10,8.010000003,2.448525347,0,0,1,yes
2349,7,3.6,3.6,1,0,0,no
2349,7,3.6,3.6,1,0,0,no
2349,7,3.6,3.6,1,0,0,no
2349,7,3.6,3.6,1,0,0,no
2349,7,3.6,3.6,1,0,0,no
2349,7,3.6,3.6,1,0,0,no
2349,7,3.6,3.6,1,0,0,no
2349,7,3.6,3.6,1,0,0,no
2349,7,3.6,3.6,1,0,0,no
2349,7,3.6,3.6,1,0,0,no
2349,7,3.6,3.6,1,0,0,no
2349,7,3.6,3.6,1,0,0,no
2349,7,3.6,3.6,1,0,0,no
2349,7,3.6,3.6,1,0,0,no
2349,7,3.6,3.6,1,0,0,no
2349,7,3.6,3.6,1,0,0,no
2349,7,3.6,3.6,1,0,0,yes
2349,7,3.6,3.6,1,0,0,yes
1180,7,11.6,3.56923077,0,1,0,yes
1545,10,8.280000002,2.448320952,0,0,1,yes
170,7,16.60000001,1.22962963,0,0,1,yes
1301,7,17.01,1.229934924,0,0,1,yes
2349,7,3.85,3.6,1,0,0,yes
2349,7,3.85,3.6,1,0,0,yes
2349,7,3.85,3.6,1,0,0,yes
2349,7,3.85,3.6,1,0,0,yes
2349,7,3.85,3.6,1,0,0,yes
2349,7,3.85,3.6,1,0,0,yes
3385,7,3.75,3.75,1,0,0,no
3385,7,3.75,3.75,1,0,0,no
3385,7,3.75,3.75,1,0,0,no
105,7,10.08,4.442336282,0,1,0,yes
2507,7,8.710000002,2.448149718,0,0,1,yes
1545,10,8.719999997,2.447503525,0,0,1,yes
5701,10,8.760000002,2.448370787,0,0,1,yes
2220,5,14.5,0.99,1,0,0,yes
37,3,17.82999999,1.229655172,0,0,1,yes
915,5,17.86,1.230027548,0,0,1,yes
2349,7,4.12,3.6,1,0,0,yes
174,10,9.219999998,2.446373333,0,0,1,yes
1545,10,9.219999998,2.446373333,0,0,1,yes
1545,10,9.219999998,2.446373333,0,0,1,yes
299,7,6.15,3.6777,0,0,1,yes
71,7,18.58,1.229649239,0,0,1,yes
9003,5,3.89,3.89,1,0,0,no
9003,7,3.89,3.89,1,0,0,no
3385,7,5.51,2.75,1,0,0,yes
578,10,9.42,2.447232376,0,0,1,yes
2349,7,4.24,3.6,1,0,0,yes
578,10,9.470000001,2.447441559,0,0,1,yes
454,5,15.5,0.99,1,0,0,yes
18,7,15.51,0.99,1,0,0,yes
519,5,19.05999999,1.229677419,0,0,1,yes
3385,7,5.69,2.75,1,0,0,yes
2349,7,4.35,3.6,1,0,0,yes
2349,7,4.36,3.6,1,0,0,yes
2349,7,4.36,3.6,1,0,0,yes
2349,7,4.36,3.6,1,0,0,yes
1545,10,9.84,2.4477,0,0,1,yes
232,3,7.12,7.12,0,1,0,yes
638,5,3.99,3.99,1,0,0,no
141,7,4.91,4.91,0,0,1,no
1155,7,3.99,3.99,1,0,0,no
1155,7,3.99,3.99,1,0,0,no
1155,7,3.99,3.99,1,0,0,no
1464,7,3.99,3.99,1,0,0,no
1809,7,3.99,3.99,1,0,0,no
3385,7,3.99,3.99,1,0,0,no
3385,7,3.99,3.99,1,0,0,no
3385,7,3.99,3.99,1,0,0,yes
3613,7,3.99,3.99,1,0,0,no
3613,7,3.99,3.99,1,0,0,no
3613,7,3.99,3.99,1,0,0,no
3613,7,3.99,3.99,1,0,0,no
3613,7,3.99,3.99,1,0,0,no
3613,7,3.99,3.99,1,0,0,no
3613,7,3.99,3.99,1,0,0,yes
4390,7,3.99,3.99,1,0,0,no
4390,7,3.99,3.99,1,0,0,no
4390,7,3.99,3.99,1,0,0,no
4390,7,3.99,3.99,1,0,0,no
9003,7,3.99,3.99,1,0,0,no
9003,7,3.99,3.99,1,0,0,no
9003,7,3.99,3.99,1,0,0,no
9003,7,3.99,3.99,1,0,0,no
9003,7,3.99,3.99,1,0,0,no
25433,7,3.99,3.99,1,0,0,no
25433,7,3.99,3.99,1,0,0,no
25433,7,3.99,3.99,1,0,0,no
25433,7,3.99,3.99,1,0,0,no
3277,3,4,4,1,0,0,no
18,7,7.14,7.14,0,1,0,no
115,7,4,4,1,0,0,no
277,7,4.92,4.92,0,0,1,no
1180,7,14.28,3.57,0,1,0,yes
1265,7,4,4,1,0,0,no
321,10,4.92,4.92,0,0,1,no
508,7,19.80000001,1.229813665,0,0,1,yes
105,7,11.6,4.443692309,0,1,0,yes
2349,7,4.51,3.6,1,0,0,yes
1405,10,10.08,2.446243903,0,0,1,yes
8101,3,16.5,0.99,1,0,0,yes
889,3,20.14000001,1.22954823,0,0,1,yes
3385,7,5.5,2.99,1,0,0,yes
3385,7,5.5,2.99,1,0,0,yes
124,7,20.29000001,1.22969697,0,0,1,yes
2349,7,28.04,0.6,1,0,0,yes
27132,5,17.01,0.99,1,0,0,yes
3864,7,4.24,3.99,1,0,0,yes
2349,7,4.7,3.6,1,0,0,yes
3613,7,4.25,3.99,1,0,0,yes
3613,7,4.25,3.99,1,0,0,yes
25433,7,4.25,3.99,1,0,0,yes
1266,7,4.25,4,1,0,0,yes
5721,3,4.15,4.15,1,0,0,no
2349,7,4.81,3.6,1,0,0,yes
1179,10,21.52000001,1.229714286,0,0,1,yes
657,10,21.55,1.230022831,0,0,1,yes
2349,7,4.94,3.6,1,0,0,yes
351,10,5.530000001,4.903266667,0,0,1,yes
1634,10,5.530000001,4.903266667,0,0,1,yes
519,7,22.14,1.23,0,0,1,yes
657,10,22.14,1.23,0,0,1,yes
2349,7,5.01,3.6,1,0,0,yes
3385,7,5.02,3.75,1,0,0,yes
27132,5,19.02,0.99,1,0,0,yes
1545,10,11.68,2.446652631,0,0,1,yes
1545,10,11.68,2.446652631,0,0,1,yes
53,7,17.4,3.551384616,0,1,0,yes
3385,7,6.5,2.99,1,0,0,yes
241,7,23.96999999,1.229861467,0,0,1,yes
123,7,6.5,3,1,0,0,yes
3277,3,5.6,3.5,1,0,0,yes
2349,7,32.69,0.6,1,0,0,yes
2349,7,5.5,3.6,1,0,0,yes
2349,7,5.5,3.6,1,0,0,yes
2349,7,5.51,3.6,1,0,0,yes
71,7,17.85,3.55215,0,1,0,yes
227,7,12.3,2.4477,0,0,1,yes
657,10,6.159999999,4.918163672,0,0,1,yes
1155,7,4.49,4.49,1,0,0,no
2349,7,5.61,3.6,1,0,0,yes
2349,7,5.61,3.6,1,0,0,yes
3277,3,4.5,4.5,1,0,0,no
4397,7,4.5,4.5,1,0,0,no
4397,7,4.5,4.5,1,0,0,no
4397,7,4.5,4.5,1,0,0,no
335,1,25.21000001,1.229756098,0,0,1,yes
5701,10,25.38,1.229651163,0,0,1,yes
5701,10,25.62,1.229956793,0,0,1,yes
739,3,12.9,2.447187798,0,0,1,yes
205,7,12.91000001,2.446752382,0,0,1,yes
996,7,12.91000001,2.446752382,0,0,1,yes
1545,10,12.91000001,2.446752382,0,0,1,yes
1545,10,12.91000001,2.446752382,0,0,1,yes
478,7,12.97,2.446473933,0,0,1,yes
88,7,37.51,1.784490961,0,1,0,yes
4390,7,5.27,3.99,1,0,0,yes
415,10,26.3,1.229546517,0,0,1,yes
3385,7,5.76,3.75,1,0,0,yes
2349,7,6.01,3.6,1,0,0,yes
650,7,4.85,4.5,1,0,0,yes
1179,10,26.92,1.22978529,0,0,1,yes
337,7,5.5,3.99,1,0,0,yes
6621,10,6.76,4.904072727,0,0,1,yes
9003,7,5.51,3.99,1,0,0,yes
322,5,5.5,4,1,0,0,yes
2089,3,22.5,0.99,1,0,0,yes
442,7,27.39999999,1.229802513,0,0,1,yes
2349,7,6.19,3.6,1,0,0,yes
5350,7,6.97,4.904814815,0,0,1,yes
2349,7,6.4,3.6,1,0,0,yes
3385,7,8.53,2.75,1,0,0,yes
1266,7,4.89,4.89,1,0,0,no
3375,10,14.76,2.46,0,0,1,no
3277,3,8.01,3,1,0,0,yes
843,10,6.05,4,1,0,0,yes
739,3,15.1,2.446986971,0,0,1,yes
1059,5,4.95,4.95,1,0,0,no
3385,7,4.95,4.95,1,0,0,no
3385,7,4.95,4.95,1,0,0,no
3385,7,4.95,4.95,1,0,0,no
3385,7,4.95,4.95,1,0,0,no
3385,7,4.95,4.95,1,0,0,no
4390,7,4.95,4.95,1,0,0,no
25433,7,4.95,4.95,1,0,0,no
25433,7,4.95,4.95,1,0,0,no
2349,7,6.89,3.6,1,0,0,yes
8100,1,4.99,4.99,1,0,0,no
50,3,4.99,4.99,1,0,0,no
237,3,4.99,4.99,1,0,0,no
4398,5,4.99,4.99,1,0,0,no
4398,5,4.99,4.99,1,0,0,no
4398,5,4.99,4.99,1,0,0,no
141,7,6.140000001,6.140000001,0,0,1,no
141,7,6.140000001,6.140000001,0,0,1,no
309,7,8.909999999,8.909999999,0,1,0,no
632,7,8.909999999,8.909999999,0,1,0,no
632,7,8.909999999,8.909999999,0,1,0,no
632,7,8.909999999,8.909999999,0,1,0,no
945,7,4.99,4.99,1,0,0,no
1155,7,4.99,4.99,1,0,0,no
1155,7,4.99,4.99,1,0,0,no
1155,7,4.99,4.99,1,0,0,no
1155,7,4.99,4.99,1,0,0,no
1155,7,4.99,4.99,1,0,0,no
1375,7,4.99,4.99,1,0,0,no
1375,7,4.99,4.99,1,0,0,no
1390,7,8.909999999,8.909999999,0,1,0,no
1809,7,4.99,4.99,1,0,0,no
3227,7,4.99,4.99,1,0,0,no
3227,7,4.99,4.99,1,0,0,no
3385,7,4.99,4.99,1,0,0,no
3385,7,4.99,4.99,1,0,0,no
4390,7,4.99,4.99,1,0,0,no
4390,7,4.99,4.99,1,0,0,no
4397,7,4.99,4.99,1,0,0,no
4397,7,4.99,4.99,1,0,0,no
4397,7,4.99,4.99,1,0,0,no
4397,7,4.99,4.99,1,0,0,no
4398,7,4.99,4.99,1,0,0,no
9003,7,4.99,4.99,1,0,0,no
9003,7,4.99,4.99,1,0,0,no
9003,7,4.99,4.99,1,0,0,no
9003,7,4.99,4.99,1,0,0,no
351,10,6.140000001,6.140000001,0,0,1,no
365,10,8.909999999,8.909999999,0,1,0,no
1017,10,6.140000001,6.140000001,0,0,1,no
1634,10,6.140000001,6.140000001,0,0,1,no
1634,10,6.140000001,6.140000001,0,0,1,no
533,3,6.15,6.15,0,0,1,no
3277,3,5,5,1,0,0,no
3277,3,5,5,1,0,0,no
149,5,6.15,6.15,0,0,1,no
183,5,6.15,6.15,0,0,1,no
326,5,5,5,1,0,0,no
673,7,5,5,1,0,0,no
1853,7,6.15,6.15,0,0,1,no
1853,7,6.15,6.15,0,0,1,no
1853,7,6.15,6.15,0,0,1,no
2696,7,5,5,1,0,0,no
5202,7,5,5,1,0,0,no
5,10,6.15,6.15,0,0,1,no
18,10,6.15,6.15,0,0,1,yes
183,10,6.15,6.15,0,0,1,no
294,10,6.15,6.15,0,0,1,no
756,10,6.15,6.15,0,0,1,no
765,10,6.15,6.15,0,0,1,no
765,10,6.15,6.15,0,0,1,no
1853,10,6.15,6.15,0,0,1,no
1266,7,5.14,4.89,1,0,0,yes
2349,7,7,3.6,1,0,0,yes
730,3,31.01000001,1.229579699,0,0,1,yes
27132,5,25.65,0.99,1,0,0,yes
454,3,26,0.99,1,0,0,yes
2403,5,31.69,1.229724486,0,0,1,yes
996,7,15.99,2.4477,0,0,1,yes
4390,7,6.5,3.99,1,0,0,yes
9003,7,5.24,4.99,1,0,0,yes
1054,5,34.19,0.77,1,0,0,yes
2403,5,32.59000001,1.229811321,0,0,1,yes
1004,3,26.78,0.99,1,0,0,yes
1265,7,5.5,4.85,1,0,0,yes
569,10,16.59,2.447301705,0,0,1,yes
2349,7,7.5,3.6,1,0,0,yes
1635,10,33.67000001,1.22972973,0,0,1,yes
286,5,33.82000001,1.229818182,0,0,1,yes
533,7,6.76,6.145454545,0,0,1,yes
595,7,33.82000001,1.229818182,0,0,1,yes
5701,10,33.83,1.229734642,0,0,1,yes
4398,3,5.25,5.25,1,0,0,no
4397,7,5.25,5.25,1,0,0,no
2168,3,28,0.99,1,0,0,yes
27132,5,28.03,0.99,1,0,0,yes
1310,5,6.849999997,6.149012565,0,0,1,yes
1635,10,34.68,1.229787234,0,0,1,yes
1635,10,34.68,1.229787234,0,0,1,yes
1,5,35.04999999,1.229824561,0,0,1,yes
3864,7,9.59,2.99,1,0,0,yes
2349,7,8,3.6,1,0,0,yes
1405,10,17.82999999,2.447013792,0,0,1,yes
380,7,6.5,4.5,1,0,0,yes
595,7,36.27999999,1.229830508,0,0,1,yes
8101,3,30,0.99,1,0,0,yes
2349,7,8.26,3.6,1,0,0,yes
3613,7,7.5,3.99,1,0,0,yes
8100,1,6,4.99,1,0,0,yes
197,7,17.85,5.355,0,1,0,yes
200,7,10.71,8.925,0,1,0,yes
4390,7,5.49,5.49,1,0,0,no
4390,7,5.49,5.49,1,0,0,no
3277,3,10.05,3,1,0,0,yes
3385,7,6.05,4.99,1,0,0,yes
2016,5,7.500000002,6.086065575,0,0,1,yes
4398,5,5.5,5.5,1,0,0,no
58,7,6.76,6.76,0,0,1,no
4390,7,5.52,5.52,1,0,0,no
110,5,37.49999999,1.229911446,0,0,1,yes
595,7,37.51000001,1.229836066,0,0,1,yes
1635,10,37.51000001,1.229836066,0,0,1,yes
1179,10,37.60999999,1.229888816,0,0,1,yes
2349,7,8.5,3.6,1,0,0,yes
2349,7,8.5,3.6,1,0,0,yes
2349,7,8.5,3.6,1,0,0,yes
8101,3,30.99,0.99,1,0,0,yes
27132,5,30.99,0.99,1,0,0,yes
27132,5,31,0.99,1,0,0,yes
2349,7,8.75,3.6,1,0,0,yes
507,7,57.11,1.766840625,0,1,0,yes
199,7,19.98000001,2.446781539,0,0,1,yes
2349,7,9,3.6,1,0,0,yes
197,7,11.6,8.905230771,0,1,0,yes
1265,7,5.7,5.7,1,0,0,no
1266,7,5.7,5.7,1,0,0,no
595,7,39.97000001,1.229846154,0,0,1,yes
638,10,39.97000001,1.229846154,0,0,1,yes
2349,7,9.11,3.6,1,0,0,yes
2220,3,33.14,0.99,1,0,0,yes
595,7,40.58000001,1.22969697,0,0,1,yes
25433,3,5.75,5.75,1,0,0,no
4398,5,5.75,5.75,1,0,0,no
4390,7,5.75,5.75,1,0,0,no
2349,7,9.26,3.6,1,0,0,yes
632,7,11.96,8.907522389,0,1,0,yes
595,10,41.19999999,1.229850746,0,0,1,yes
31,7,34,0.99,1,0,0,yes
2220,3,34.06,0.99,1,0,0,yes
27132,5,34.12,0.99,1,0,0,yes
3277,3,8.5,4,1,0,0,yes
58,10,8.649999998,6.152204835,0,0,1,yes
2349,7,9.8,3.6,1,0,0,yes
3385,7,11.8,2.99,1,0,0,yes
25433,1,5.95,5.95,1,0,0,no
1405,10,22.14,2.4477,0,0,1,yes
2038,5,22.15,2.447445863,0,0,1,yes
265,1,10.69,10.69,0,1,0,no
76,3,5.99,5.99,1,0,0,no
809,3,5.99,5.99,1,0,0,no
1215,5,5.99,5.99,1,0,0,no
3955,5,5.99,5.99,1,0,0,no
4398,5,5.99,5.99,1,0,0,no
25433,5,5.99,5.99,1,0,0,no
1155,7,5.99,5.99,1,0,0,no
1155,7,5.99,5.99,1,0,0,no
1155,7,5.99,5.99,1,0,0,no
1155,7,5.99,5.99,1,0,0,no
1155,7,5.99,5.99,1,0,0,no
1155,7,5.99,5.99,1,0,0,no
1155,7,5.99,5.99,1,0,0,no
2191,7,5.99,5.99,1,0,0,no
3227,7,5.99,5.99,1,0,0,no
4390,7,5.99,5.99,1,0,0,no
4397,7,5.99,5.99,1,0,0,no
14479,7,5.99,5.99,1,0,0,no
1634,10,7.369999998,7.369999998,0,0,1,no
10067,3,6,6,1,0,0,no
657,10,7.38,7.38,0,0,1,no
1304,10,7.38,7.38,0,0,1,no
1304,10,7.38,7.38,0,0,1,no
1351,5,44.27999999,1.229658428,0,0,1,yes
157,7,22.15,2.459744586,0,0,1,yes
421,5,7.25,4.99,1,0,0,yes
2220,3,36.55,0.99,1,0,0,yes
2349,7,10.11,3.6,1,0,0,yes
955,7,66.03000002,1.784594595,0,1,0,yes
637,10,15.86,3.565426356,0,0,1,no
595,7,46.12000001,1.229866667,0,0,1,yes
21,7,22.33,5.354916066,0,1,0,yes
2349,7,10.5,3.6,1,0,0,yes
2349,7,10.5,3.6,1,0,0,yes
1545,10,23.48000001,2.447627031,0,0,1,yes
2168,7,15.93,3.628841699,0,0,1,no
4680,7,15.97,3.675927636,0,0,1,no
5701,10,15.97,3.675927636,0,0,1,no
3864,7,6.49,5.99,1,0,0,yes
4390,7,6.53,5.99,1,0,0,yes
106,7,49.26000001,1.229655517,0,0,1,yes
2016,5,17.01,3.56681128,0,0,1,yes
2220,3,40.56,0.99,1,0,0,yes
1179,7,49.78999999,1.229686342,0,0,1,yes
37,5,49.80000002,1.22962963,0,0,1,yes
109,5,49.80000002,1.22962963,0,0,1,yes
27132,5,41.57,0.99,1,0,0,yes
2349,7,11.5,3.6,1,0,0,yes
109,5,51.02999999,1.229638554,0,0,1,yes
41,7,51.02999999,1.229638554,0,0,1,yes
121,7,74.96000001,1.766914286,0,1,0,yes
1155,7,6.45,6.45,1,0,0,no
137,10,51.16999999,1.229752463,0,0,1,yes
27132,5,42.12,0.99,1,0,0,yes
439,3,6.47,6.47,1,0,0,no
1405,5,10.5,3.99,1,0,0,yes
3385,7,10.5,3.99,1,0,0,yes
4390,7,6.49,6.49,1,0,0,no
138,5,42.58,0.99,1,0,0,yes
686,7,6.5,6.5,1,0,0,no
686,7,6.5,6.5,1,0,0,no
686,7,6.5,6.5,1,0,0,no
686,7,6.5,6.5,1,0,0,no
686,7,6.5,6.5,1,0,0,no
686,7,6.5,6.5,1,0,0,no
686,7,6.5,6.5,1,0,0,no
686,7,6.5,6.5,1,0,0,no
686,7,6.5,6.5,1,0,0,no
686,7,6.5,6.5,1,0,0,no
686,7,6.5,6.5,1,0,0,no
686,7,6.5,6.5,1,0,0,no
686,7,6.5,6.5,1,0,0,no
686,7,6.5,6.5,1,0,0,no
686,7,6.5,6.5,1,0,0,no
686,7,6.5,6.5,1,0,0,no
686,7,6.5,6.5,1,0,0,no
686,7,6.5,6.5,1,0,0,no
686,7,6.5,6.5,1,0,0,no
686,7,6.5,6.5,1,0,0,no
686,7,6.5,6.5,1,0,0,no
686,7,6.5,6.5,1,0,0,no
686,7,6.5,6.5,1,0,0,no
686,7,6.5,6.5,1,0,0,no
686,7,6.5,6.5,1,0,0,no
686,7,6.5,6.5,1,0,0,no
686,7,6.5,6.5,1,0,0,no
1197,10,52.26000001,1.229647059,0,0,1,yes
2349,7,11.99,3.6,1,0,0,yes
2349,7,12.03,3.6,1,0,0,yes
93,10,54.18000001,1.229686791,0,0,1,yes
1405,10,27.52000001,2.447042003,0,0,1,yes
1155,7,6.95,6.45,1,0,0,yes
216,7,7.5,6,1,0,0,yes
2349,7,12.5,3.6,1,0,0,yes
71,7,55.94000001,1.229720818,0,0,1,yes
686,7,7,6.5,1,0,0,yes
81,7,11.5,3.99,1,0,0,yes
1405,10,28.47999999,2.447115716,0,0,1,yes
1266,7,6.79,6.79,1,0,0,no
966,7,15.5,2.99,1,0,0,yes
118,7,57.17999998,1.229677419,0,0,1,yes
2349,7,13,3.6,1,0,0,yes
2349,7,13.01,3.6,1,0,0,yes
1054,5,61,0.77,1,0,0,yes
18,5,12.91000001,5.532857145,0,0,1,yes
2220,3,48,0.99,1,0,0,yes
158,3,8.490000003,8.490000003,0,0,1,no
2349,7,13.26,3.6,1,0,0,yes
5701,10,19.68,3.6777,0,0,1,yes
27132,5,48.37,0.99,1,0,0,yes
351,3,6.95,6.95,1,0,0,no
351,3,6.95,6.95,1,0,0,no
1139,5,8.549999998,8.549999998,0,0,1,no
91,10,59.51999999,1.229752066,0,0,1,yes
34,7,173.12,0.892371134,0,1,0,yes
1911,10,20.03,3.676470228,0,0,1,yes
50,3,6.99,6.99,1,0,0,no
1375,5,6.99,6.99,1,0,0,no
1840,5,6.99,6.99,1,0,0,no
1922,5,6.99,6.99,1,0,0,no
2179,5,6.99,6.99,1,0,0,no
2179,5,6.99,6.99,1,0,0,no
2179,5,6.99,6.99,1,0,0,no
2179,5,6.99,6.99,1,0,0,no
2179,5,6.99,6.99,1,0,0,yes
6655,5,6.99,6.99,1,0,0,no
1155,7,6.99,6.99,1,0,0,no
1155,7,6.99,6.99,1,0,0,no
1155,7,6.99,6.99,1,0,0,no
2993,7,6.99,6.99,1,0,0,no
3227,7,6.99,6.99,1,0,0,no
3613,7,6.99,6.99,1,0,0,no
3613,7,6.99,6.99,1,0,0,no
3613,7,6.99,6.99,1,0,0,no
4390,7,6.99,6.99,1,0,0,no
4390,7,6.99,6.99,1,0,0,no
4390,7,6.99,6.99,1,0,0,no
4390,7,6.99,6.99,1,0,0,no
4390,7,6.99,6.99,1,0,0,no
9003,7,6.99,6.99,1,0,0,no
25433,7,6.99,6.99,1,0,0,no
4390,7,8.18,5.99,1,0,0,yes
3277,3,7,7,1,0,0,no
22501,5,7,7,1,0,0,no
205,7,8.61,8.61,0,0,1,no
2168,7,8.61,8.61,0,0,1,no
2944,7,7,7,1,0,0,no
613,10,8.61,8.61,0,0,1,no
266,3,61.00000002,1.22983871,0,0,1,yes
3613,7,12.55,3.99,1,0,0,yes
393,10,31.11000001,2.446992095,0,0,1,yes
266,3,62.09,1.229748465,0,0,1,yes
27132,5,51,0.99,1,0,0,yes
2349,7,14.5,3.6,1,0,0,yes
1155,7,7.49,6.99,1,0,0,yes
9003,7,7.49,6.99,1,0,0,yes
8100,1,10.5,4.99,1,0,0,yes
3864,7,10.5,4.99,1,0,0,yes
22501,5,10.5,5,1,0,0,yes
1313,7,32.71999999,2.446929725,0,0,1,yes
2349,7,15,3.6,1,0,0,yes
2016,7,9.159999997,9.159999997,0,0,1,no
2696,7,11.12,5,1,0,0,yes
2349,7,15.5,3.6,1,0,0,yes
3613,7,8.01,6.99,1,0,0,yes
1130,10,17.22,4.92,0,0,1,no
71,10,69.03999999,1.229782686,0,0,1,yes
2046,5,7.5,7.5,1,0,0,no
2046,5,7.5,7.5,1,0,0,no
2046,5,7.5,7.5,1,0,0,no
2046,5,7.5,7.5,1,0,0,no
2046,5,7.5,7.5,1,0,0,no
2046,5,7.5,7.5,1,0,0,no
2046,5,7.5,7.5,1,0,0,no
2046,5,7.5,7.5,1,0,0,no
2944,7,7.5,7.5,1,0,0,no
393,10,35.01999999,2.446973314,0,0,1,yes
1129,10,56.95,1,1,0,0,yes
1905,10,14.13,6.148825065,0,0,1,yes
4153,10,35.52000001,2.459833796,0,0,1,yes
2319,7,10.01,5.99,1,0,0,yes
2046,5,8,7.5,1,0,0,yes
1545,10,37.49999999,2.447523778,0,0,1,yes
56,7,75.00999999,1.229672131,0,0,1,yes
2349,7,17.1,3.6,1,0,0,yes
2349,7,17.1,3.6,1,0,0,yes
2349,7,17.26,3.6,1,0,0,yes
2760,10,62.99,0.99,1,0,0,yes
9003,7,12.5,4.99,1,0,0,yes
405,5,8.95,6.99,1,0,0,yes
27132,5,63.36,0.99,1,0,0,yes
2179,5,9,6.99,1,0,0,yes
212,7,9.01,6.99,1,0,0,yes
2349,7,17.51,3.6,1,0,0,yes
351,3,7.95,7.95,1,0,0,no
4390,7,7.95,7.95,1,0,0,yes
1365,10,9.779999998,9.779999998,0,0,1,no
27132,5,64.33,0.99,1,0,0,yes
266,3,78.31999998,1.22970639,0,0,1,yes
50,3,7.99,7.99,1,0,0,no
50,3,7.99,7.99,1,0,0,no
50,3,7.99,7.99,1,0,0,yes
1405,3,7.99,7.99,1,0,0,no
1215,5,7.99,7.99,1,0,0,no
1215,5,7.99,7.99,1,0,0,no
1215,5,7.99,7.99,1,0,0,no
2132,5,7.99,7.99,1,0,0,no
1155,7,7.99,7.99,1,0,0,no
1155,7,7.99,7.99,1,0,0,no
1155,7,7.99,7.99,1,0,0,no
1155,7,7.99,7.99,1,0,0,no
1155,7,7.99,7.99,1,0,0,no
1155,7,7.99,7.99,1,0,0,no
1155,7,7.99,7.99,1,0,0,no
1375,7,7.99,7.99,1,0,0,no
1390,7,14.26,14.26,0,1,0,no
1390,7,14.26,14.26,0,1,0,no
3613,7,7.99,7.99,1,0,0,no
3613,7,7.99,7.99,1,0,0,no
3613,7,7.99,7.99,1,0,0,no
205,7,9.84,9.84,0,0,1,no
216,7,8,8,1,0,0,no
618,7,9.84,9.84,0,0,1,no
618,7,9.84,9.84,0,0,1,no
5701,10,39.35,2.459375,0,0,1,no
88,7,15.26,13.36811696,0,1,0,yes
686,7,9.99,6.5,1,0,0,yes
200,7,17.82999999,5.533448274,0,0,1,no
2349,7,18.26,3.6,1,0,0,yes
2349,7,18.29,3.6,1,0,0,yes
27132,5,66.65,0.99,1,0,0,yes
109,7,81.16000002,1.22969697,0,0,1,yes
4,10,81.16000002,1.22969697,0,0,1,yes
1405,10,40.91,2.446976255,0,0,1,yes
2349,7,18.61,3.6,1,0,0,yes
5701,10,41.19999999,2.459701492,0,0,1,yes
4390,7,8.2,8.2,1,0,0,no
2046,5,9.01,7.5,1,0,0,yes
106,3,67.66,1,1,0,0,yes
1155,7,8.49,7.99,1,0,0,yes
1155,7,8.5,7.99,1,0,0,yes
632,7,24.99,8.90715,0,1,0,yes
479,7,85.92000001,1.229712323,0,0,1,yes
10,5,70,1,1,0,0,yes
2349,7,19.5,3.6,1,0,0,yes
27132,5,71,0.99,1,0,0,yes
3385,7,10.13,6.99,1,0,0,yes
1581,7,87.31000001,1.22971831,0,0,1,yes
1635,10,87.31000001,1.22971831,0,0,1,yes
2046,5,9.5,7.5,1,0,0,yes
2349,7,20,3.6,1,0,0,yes
10067,3,8.5,8.5,1,0,0,no
10067,3,8.5,8.5,1,0,0,no
25433,3,8.5,8.5,1,0,0,no
1135,10,73.52,0.99,1,0,0,yes
2016,5,18.31999999,6.024697985,0,0,1,no
279,10,18.31999999,6.024697985,0,0,1,no
88,7,18.74,12.47548572,0,1,0,yes
22501,5,10.5,7,1,0,0,yes
393,10,45.50000001,2.447162163,0,0,1,yes
2349,7,20.5,3.6,1,0,0,yes
1365,10,18.38,6.085685618,0,0,1,no
1365,10,18.38,6.085685618,0,0,1,no
1365,10,18.38,6.085685618,0,0,1,no
1166,7,18.43,6.135136757,0,0,1,no
1166,7,18.43,6.135136757,0,0,1,no
1166,7,18.43,6.135136757,0,0,1,no
678,5,18.45,6.15,0,0,1,no
618,7,18.45,6.15,0,0,1,no
18,10,18.45,6.15,0,0,1,no
907,10,18.45,6.15,0,0,1,no
4390,7,9.47,7.95,1,0,0,yes
686,7,11.67,6.5,1,0,0,yes
27132,5,78,0.99,1,0,0,yes
6904,1,8.87,8.87,1,0,0,no
9003,7,10.55,7.49,1,0,0,yes
39,3,80,1,1,0,0,yes
1139,5,11.01,11.01,0,0,1,yes
1365,10,11.01,11.01,0,0,1,no
1405,10,49.78999999,2.447075821,0,0,1,yes
133,5,8.99,8.99,1,0,0,no
133,5,8.99,8.99,1,0,0,no
1155,7,8.99,8.99,1,0,0,no
1155,7,8.99,8.99,1,0,0,no
1155,7,8.99,8.99,1,0,0,no
1155,7,8.99,8.99,1,0,0,no
1155,7,8.99,8.99,1,0,0,no
1155,7,8.99,8.99,1,0,0,no
1155,7,8.99,8.99,1,0,0,no
3385,7,8.99,8.99,1,0,0,no
3385,7,8.99,8.99,1,0,0,no
3613,7,8.99,8.99,1,0,0,no
3613,7,8.99,8.99,1,0,0,no
25433,7,8.99,8.99,1,0,0,no
37727,7,8.99,8.99,1,0,0,no
1349,7,11.07,11.07,0,0,1,no
2168,7,11.07,11.07,0,0,1,no
5701,10,11.07,11.07,0,0,1,no
5701,10,11.07,11.07,0,0,1,no
5701,10,11.07,11.07,0,0,1,no
5701,10,11.07,11.07,0,0,1,no
5701,10,11.07,11.07,0,0,1,no
5701,10,11.07,11.07,0,0,1,no
5701,10,11.07,11.07,0,0,1,no
5701,10,11.07,11.07,0,0,1,no
5701,10,11.07,11.07,0,0,1,no
5701,10,11.07,11.07,0,0,1,no
5701,10,11.07,11.07,0,0,1,no
2349,7,23.09,3.6,1,0,0,yes
2349,7,23.15,3.6,1,0,0,yes
1155,7,10.5,7.99,1,0,0,yes
181,5,21.08,3.99,1,0,0,yes
686,7,13,6.5,1,0,0,yes
2168,7,11.67,11.05514226,0,0,1,yes
5701,10,11.68,11.06526316,0,0,1,yes
5769,10,11.68,11.06526316,0,0,1,yes
27132,5,87.73,0.99,1,0,0,yes
3385,7,9.42,9.42,1,0,0,no
595,5,110.53,1.229750779,0,0,1,yes
5701,10,12.3,11.07,0,0,1,yes
5701,10,12.31,11.06793207,0,0,1,yes
1719,7,12.32,11.06586826,0,0,1,yes
22501,5,9.5,9.5,1,0,0,no
22501,5,9.5,9.5,1,0,0,no
686,7,9.5,9.5,1,0,0,no
686,7,9.5,9.5,1,0,0,no
686,7,9.5,9.5,1,0,0,no
686,7,9.5,9.5,1,0,0,no
686,7,9.5,9.5,1,0,0,yes
384,7,111.91,1.22978022,0,0,1,yes
1375,7,11.5,7.99,1,0,0,yes
12,7,18.5,5,1,0,0,yes
841,7,13.25,6.99,1,0,0,yes
524,5,114.48,1.229777635,0,0,1,yes
2349,7,26,3.6,1,0,0,yes
2349,7,26.01,3.6,1,0,0,yes
2507,10,16.60000001,8.595111114,0,0,1,yes
157,7,12.91000001,11.06571429,0,0,1,yes
2168,7,29.45,4.857098121,0,0,1,no
2168,7,29.45,4.857098121,0,0,1,no
2168,7,23.84,6.086023723,0,0,1,yes
1130,7,19.68,7.38,0,0,1,no
3375,10,19.68,7.38,0,0,1,no
121,3,197.5,0.5,1,0,0,yes
2168,7,24.6,6.0885,0,0,1,yes
4153,10,40.58000001,3.68909091,0,0,1,no
351,3,9.95,9.95,1,0,0,no
2286,7,9.95,9.95,1,0,0,no
2286,7,9.95,9.95,1,0,0,no
2286,7,9.95,9.95,1,0,0,no
5180,7,9.95,9.95,1,0,0,no
5564,7,9.95,9.95,1,0,0,no
25433,7,9.95,9.95,1,0,0,no
25433,7,9.95,9.95,1,0,0,no
1365,10,12.24,12.24,0,0,1,no
1365,10,12.24,12.24,0,0,1,no
1365,10,12.24,12.24,0,0,1,no
1365,10,12.24,12.24,0,0,1,no
1365,10,12.24,12.24,0,0,1,no
1365,10,12.24,12.24,0,0,1,no
1365,10,12.24,12.24,0,0,1,no
1365,10,12.24,12.24,0,0,1,no
1365,10,12.24,12.24,0,0,1,no
1365,10,12.24,12.24,0,0,1,no
537,10,13.72,10.95387097,0,0,1,yes
18,3,9.99,9.99,1,0,0,no
626,3,9.99,9.99,1,0,0,no
2169,3,9.99,9.99,1,0,0,no
2169,3,9.99,9.99,1,0,0,no
5017,3,9.99,9.99,1,0,0,yes
30594,3,9.99,9.99,1,0,0,no
133,5,9.99,9.99,1,0,0,no
942,5,12.29,12.29,0,0,1,no
957,5,9.99,9.99,1,0,0,no
1127,5,9.99,9.99,1,0,0,no
1265,5,9.99,9.99,1,0,0,no
1405,5,9.99,9.99,1,0,0,no
65,7,12.29,12.29,0,0,1,no
216,7,9.99,9.99,1,0,0,no
541,7,9.99,9.99,1,0,0,no
688,7,9.99,9.99,1,0,0,no
814,7,9.99,9.99,1,0,0,no
814,7,9.99,9.99,1,0,0,no
814,7,9.99,9.99,1,0,0,no
985,7,9.99,9.99,1,0,0,no
1256,7,9.99,9.99,1,0,0,no
1256,7,9.99,9.99,1,0,0,no
1375,7,9.99,9.99,1,0,0,no
1375,7,9.99,9.99,1,0,0,no
1375,7,9.99,9.99,1,0,0,yes
2993,7,9.99,9.99,1,0,0,no
3380,7,17.83,17.83,0,1,0,no
3385,7,9.99,9.99,1,0,0,no
3385,7,9.99,9.99,1,0,0,no
3385,7,9.99,9.99,1,0,0,yes
3613,7,9.99,9.99,1,0,0,no
4390,7,9.99,9.99,1,0,0,no
4680,7,12.29,12.29,0,0,1,no
5450,7,9.99,9.99,1,0,0,no
5450,7,9.99,9.99,1,0,0,no
5450,7,9.99,9.99,1,0,0,no
9003,7,9.99,9.99,1,0,0,no
9003,7,9.99,9.99,1,0,0,no
9003,7,9.99,9.99,1,0,0,no
37727,7,9.99,9.99,1,0,0,no
83,10,12.29,12.29,0,0,1,no
83,10,12.29,12.29,0,0,1,no
1124,10,9.99,9.99,1,0,0,no
163,10,122.95,1.229745949,0,0,1,yes
1853,7,12.3,12.3,0,0,1,no
3375,10,12.3,12.3,0,0,1,no
163,7,124.2,1.22970297,0,0,1,yes
19,10,124.2,1.22970297,0,0,1,yes
20,5,103.55,0.99,1,0,0,yes
27,10,126.66,1.229708738,0,0,1,yes
2349,7,28.87,3.6,1,0,0,yes
1139,3,12.85,12.23516747,0,0,1,yes
1647,5,10.45,9.95,1,0,0,yes
27132,5,105.5,0.99,1,0,0,yes
5017,3,10.49,9.99,1,0,0,yes
5450,7,10.49,9.99,1,0,0,yes
5450,7,10.49,9.99,1,0,0,yes
8101,3,10.5,9.99,1,0,0,yes
985,7,10.5,9.99,1,0,0,yes
533,7,25.82000001,6.14761905,0,0,1,yes
541,7,10.75,9.99,1,0,0,yes
18,7,31.97999999,10.70758928,0,1,0,yes
27132,5,109,0.99,1,0,0,yes
1365,10,27.47999999,6.086174495,0,0,1,yes
27132,5,111.95,0.99,1,0,0,yes
1155,7,12.37,8.99,1,0,0,yes
182,10,13.71,12.28366817,0,0,1,yes
3385,7,12.5,8.99,1,0,0,yes
27132,5,113.86,0.99,1,0,0,yes
2220,3,115.27,0.99,1,0,0,yes
2349,7,31.76,3.6,1,0,0,yes
4390,7,11.5,9.99,1,0,0,yes
9003,7,11.51,9.99,1,0,0,yes
595,5,141.54,1.229713293,0,0,1,yes
595,5,142.65,1.229741379,0,0,1,yes
27132,5,117.5,0.99,1,0,0,yes
3385,7,13,8.99,1,0,0,yes
18,3,29.5,4,1,0,0,yes
27132,5,121,0.99,1,0,0,yes
2168,7,13.47,13.47,0,0,1,no
5257,3,10.99,10.99,1,0,0,no
5257,3,10.99,10.99,1,0,0,no
5257,3,10.99,10.99,1,0,0,no
2191,5,10.99,10.99,1,0,0,no
4397,7,10.99,10.99,1,0,0,no
22501,5,11,11,1,0,0,no
27132,5,122.51,0.99,1,0,0,yes
27132,5,122.85,0.99,1,0,0,yes
2349,10,33.89,3.6,1,0,0,yes
164,7,30.62000001,6.025622492,0,0,1,no
1329,10,30.62000001,6.025622492,0,0,1,no
27132,5,123.5,0.99,1,0,0,yes
3227,7,12.26,9.99,1,0,0,yes
2168,7,21.52000001,8.608000002,0,0,1,yes
157,7,16.81,11.06730066,0,0,1,yes
1155,7,15.5,7.99,1,0,0,yes
405,5,12.5,9.99,1,0,0,yes
1375,7,12.52,9.99,1,0,0,yes
404,5,22.49,17.83135714,0,1,0,yes
27132,5,127.5,0.99,1,0,0,yes
27132,5,128.86,0.99,1,0,0,yes
166,5,21.33,6,1,0,0,yes
1375,7,12.84,9.99,1,0,0,yes
18,3,13,9.99,1,0,0,yes
584,5,26,5,1,0,0,yes
4556,5,26,5,1,0,0,yes
305,10,161.08,1.229712192,0,0,1,yes
22501,5,13.18,10,1,0,0,yes
25433,7,11.5,11.5,1,0,0,no
27132,5,136.49,0.99,1,0,0,yes
27132,5,137.5,0.99,1,0,0,yes
22501,5,14.38,9.5,1,0,0,yes
1647,5,13.95,9.95,1,0,0,yes
541,7,15.5,8.99,1,0,0,yes
27132,5,142.53,0.99,1,0,0,yes
27132,5,142.75,0.99,1,0,0,yes
352,3,11.95,11.95,1,0,0,no
3385,7,11.95,11.95,1,0,0,no
5701,10,19.64,11.06825297,0,0,1,yes
814,3,11.99,11.99,1,0,0,no
2168,3,11.99,11.99,1,0,0,no
3385,7,11.99,11.99,1,0,0,no
3385,7,11.99,11.99,1,0,0,no
3385,7,11.99,11.99,1,0,0,no
3385,7,11.99,11.99,1,0,0,no
3385,7,11.99,11.99,1,0,0,no
10067,3,12,12,1,0,0,no
10067,3,12,12,1,0,0,no
392,7,22.14,9.84,0,0,1,no
593,7,21.42,21.42,0,1,0,no
3375,7,22.14,9.84,0,0,1,no
846,10,22.14,9.84,0,0,1,no
27132,5,147.5,0.99,1,0,0,yes
686,7,22.67,6.5,1,0,0,yes
2349,7,41.51,3.6,1,0,0,yes
2168,7,20.44,11.06859206,0,0,1,yes
841,5,30,4.99,1,0,0,yes
27132,5,151.5,0.99,1,0,0,yes
5564,7,12.25,12.25,1,0,0,no
27132,5,152.5,0.99,1,0,0,yes
844,10,185.6899999,1.229735099,0,0,1,yes
50,5,186.38,1.229743996,0,0,1,yes
846,10,23.44000001,9.83840504,0,0,1,yes
27132,5,155.99,0.99,1,0,0,yes
523,7,15.5,9.99,1,0,0,yes
1375,7,15.5,9.99,1,0,0,yes
1375,7,15.5,9.99,1,0,0,yes
3385,7,15.55,9.99,1,0,0,yes
3385,7,13,11.99,1,0,0,yes
479,7,191.84,1.22974359,0,0,1,yes
10067,3,12.5,12.5,1,0,0,no
3385,7,13.05,11.99,1,0,0,yes
709,10,38.75999999,6.136180201,0,0,1,yes
10,10,197.99,1.229751553,0,0,1,yes
22501,5,13,12.5,1,0,0,yes
100,10,25.21000001,9.838048784,0,0,1,yes
100,10,25.21000001,9.838048784,0,0,1,yes
541,7,16.5,9.99,1,0,0,yes
131,10,16.5,9.99,1,0,0,yes
5812,5,12.92,12.92,1,0,0,no
6,3,205.37,1.229760479,0,0,1,yes
825,5,205.37,1.229760479,0,0,1,yes
370,7,41.21000001,6.136612953,0,0,1,yes
2220,3,169.87,0.99,1,0,0,yes
5257,3,12.99,12.99,1,0,0,no
10067,3,12.99,12.99,1,0,0,no
983,5,12.99,12.99,1,0,0,no
3090,10,23.34999999,11.05405476,0,0,1,no
730,5,23.37,11.07,0,0,1,no
1166,7,23.37,11.07,0,0,1,no
5701,10,23.37,11.07,0,0,1,no
5701,10,23.37,11.07,0,0,1,no
5701,10,23.37,11.07,0,0,1,no
56,7,175,0.99,1,0,0,yes
2168,7,23.91999999,11.00688946,0,0,1,yes
206,5,17.55,9.95,1,0,0,yes
576,7,17.5,9.99,1,0,0,yes
1155,7,13.5,12.99,1,0,0,yes
5701,10,23.98000001,11.06769231,0,0,1,yes
686,7,27.17,6.5,1,0,0,yes
387,7,36,5,1,0,0,yes
1647,5,18.25,9.95,1,0,0,yes
3277,3,26.01,7,1,0,0,yes
22501,5,14.11,13,1,0,0,yes
123,7,37,5,1,0,0,yes
988,7,27.78,6.75,1,0,0,yes
1647,5,18.86,9.95,1,0,0,yes
36,7,339.0900001,1.766837369,0,1,0,yes
59,3,19,9.99,1,0,0,yes
1719,1,24.23000001,11.93050762,0,0,1,no
5271,5,13.95,13.95,1,0,0,no
3613,7,19.49,9.99,1,0,0,yes
9003,7,26,7.49,1,0,0,yes
1647,5,19.59,9.95,1,0,0,yes
1265,5,13.99,13.99,1,0,0,no
2168,7,27.05000001,11.00443182,0,0,1,yes
678,7,54.65000001,5.460081009,0,0,1,no
2168,3,24.53,12.23426065,0,0,1,no
2168,5,24.53,12.23426065,0,0,1,no
1122,10,24.53,12.23426065,0,0,1,no
3385,7,16.56,11.99,1,0,0,yes
362,5,199,1,1,0,0,yes
1661,7,24.57999999,12.28385192,0,0,1,no
69,7,245.95,1.22975,0,0,1,yes
27132,5,202.36,0.99,1,0,0,yes
2349,7,56.03,3.6,1,0,0,yes
2016,5,49.80000002,6.14814815,0,0,1,yes
1192,7,203.5,1,1,0,0,yes
359,7,20.39,9.99,1,0,0,yes
1647,5,20.5,9.95,1,0,0,yes
133,5,22.76,8.99,1,0,0,yes
1602,7,20.5,9.99,1,0,0,yes
5701,10,25.22,12.28414432,0,0,1,yes
27132,5,207.86,0.99,1,0,0,yes
1215,5,26,7.99,1,0,0,yes
3613,7,16.01,12.99,1,0,0,yes
27132,5,215.5,0.99,1,0,0,yes
27132,5,216,0.99,1,0,0,yes
985,7,21.61,9.99,1,0,0,yes
5701,5,44.26999999,7.378333332,0,0,1,no
5701,10,44.26999999,7.378333332,0,0,1,no
60,5,21.65,9.99,1,0,0,yes
30,3,270.5499999,1.229772727,0,0,1,yes
302,7,77.55,2.85,1,0,0,yes
5811,3,14.92,14.92,1,0,0,no
534,7,14.95,14.95,1,0,0,no
534,7,14.95,14.95,1,0,0,no
534,7,14.95,14.95,1,0,0,no
534,7,14.95,14.95,1,0,0,no
25433,7,14.95,14.95,1,0,0,no
25433,7,14.95,14.95,1,0,0,no
25433,7,14.95,14.95,1,0,0,no
25433,7,14.95,14.95,1,0,0,no
25433,7,14.95,14.95,1,0,0,no
25433,7,14.95,14.95,1,0,0,no
25433,7,14.95,14.95,1,0,0,no
25433,7,14.95,14.95,1,0,0,no
25433,7,14.95,14.95,1,0,0,no
25433,7,14.95,14.95,1,0,0,no
25433,7,14.95,14.95,1,0,0,no
25433,7,14.95,14.95,1,0,0,no
5257,3,14.99,14.99,1,0,0,no
5257,3,14.99,14.99,1,0,0,no
5257,3,14.99,14.99,1,0,0,no
790,5,14.99,14.99,1,0,0,no
1215,5,14.99,14.99,1,0,0,no
534,7,14.99,14.99,1,0,0,no
2993,7,14.99,14.99,1,0,0,no
3306,7,14.99,14.99,1,0,0,no
3613,7,14.99,14.99,1,0,0,no
4457,3,15,15,1,0,0,no
10067,3,15,15,1,0,0,no
22501,5,15,15,1,0,0,no
27132,5,227.5,0.99,1,0,0,yes
5052,10,30.84999999,11.06616182,0,0,1,yes
2168,7,31.36000001,11.0067451,0,0,1,yes
3896,1,230,1,1,0,0,yes
366,7,232.5,0.99,1,0,0,yes
25433,7,15.45,14.95,1,0,0,yes
25433,7,15.45,14.95,1,0,0,yes
2168,3,15.49,14.99,1,0,0,yes
5257,3,15.5,14.99,1,0,0,yes
22501,5,15.5,15,1,0,0,yes
2349,7,66,3.6,1,0,0,yes
336,7,122.5,2,1,0,0,yes
22501,5,16.5,15,1,0,0,yes
1375,7,25,9.99,1,0,0,yes
201,7,49.78000001,16.04597347,0,1,0,yes
5812,5,15.92,15.92,1,0,0,no
534,7,17,14.95,1,0,0,yes
278,7,31.36000001,12.28574118,0,0,1,yes
957,5,15.99,15.99,1,0,0,no
22501,5,16,16,1,0,0,no
22501,5,16,16,1,0,0,no
1574,7,26.07,9.95,1,0,0,yes
67,5,26,9.99,1,0,0,yes
985,7,26,9.99,1,0,0,yes
1540,7,26,9.99,1,0,0,yes
2993,7,26,9.99,1,0,0,yes
28,7,26,10,1,0,0,yes
109,5,21.71,11.99,1,0,0,yes
5701,3,35.65999999,11.06689655,0,0,1,no
5701,10,35.65999999,11.06689655,0,0,1,no
5701,10,35.65999999,11.06689655,0,0,1,no
534,7,17.5,14.95,1,0,0,yes
534,7,17.5,14.95,1,0,0,yes
24,3,265,0.99,1,0,0,yes
2993,7,17.51,14.99,1,0,0,yes
22501,5,16.5,16,1,0,0,yes
27132,5,270,0.99,1,0,0,yes
27132,5,270.12,0.99,1,0,0,yes
10067,3,16.5,16.5,1,0,0,no
4641,10,67.61999998,6.136093834,0,0,1,no
134,1,280,0.99,1,0,0,yes
112,7,28,9.99,1,0,0,yes
3613,7,31.59,8.99,1,0,0,yes
5257,3,16.99,16.99,1,0,0,no
5257,3,16.99,16.99,1,0,0,no
534,7,19.45,14.95,1,0,0,yes
27132,5,295,0.99,1,0,0,yes
164,7,36.76999999,12.17468227,0,0,1,no
164,7,36.76999999,12.17468227,0,0,1,no
164,7,36.76999999,12.17468227,0,0,1,no
164,7,36.76999999,12.17468227,0,0,1,no
2168,7,41.19999999,11.06865671,0,0,1,yes
27132,5,305,0.99,1,0,0,yes
3277,3,33.56,9,1,0,0,yes
24,3,306.23,0.99,1,0,0,yes
2262,7,61.59,4.95,1,0,0,yes
110,1,31.01,9.99,1,0,0,yes
442,10,381.5299999,1.229750201,0,0,1,yes
148,7,52.23,5.99,1,0,0,yes
2993,7,21.49,14.99,1,0,0,yes
2046,7,17.95,17.95,1,0,0,no
2046,7,17.95,17.95,1,0,0,no
2046,7,17.95,17.95,1,0,0,no
2046,7,17.95,17.95,1,0,0,no
1647,5,32.51,9.95,1,0,0,yes
2433,3,18,18,1,0,0,no
10067,3,18,18,1,0,0,no
22501,5,20.5,16,1,0,0,yes
22501,5,20.51,16,1,0,0,yes
985,7,33.25,9.99,1,0,0,yes
10067,3,18.5,18,1,0,0,yes
1266,5,18.25,18.25,1,0,0,no
985,7,33.5,9.99,1,0,0,yes
634,1,18.49,18.49,1,0,0,no
25433,7,18.5,18.5,1,0,0,no
25433,7,18.5,18.5,1,0,0,no
678,10,41,8.5,1,0,0,yes
22,7,62.46000002,17.82786858,0,1,0,yes
164,5,43.66,12.17560563,0,0,1,yes
164,7,43.77000001,12.17541445,0,0,1,yes
164,7,44.15,12.17506964,0,0,1,yes
5701,10,48.59000001,11.06833713,0,0,1,yes
1647,5,36,9.95,1,0,0,yes
1848,7,36,9.99,1,0,0,yes
4398,1,18.99,18.99,1,0,0,no
837,3,18.99,18.99,1,0,0,no
10067,3,18.99,18.99,1,0,0,no
4398,5,18.99,18.99,1,0,0,no
4398,5,18.99,18.99,1,0,0,no
1364,7,18.99,18.99,1,0,0,no
37,3,49.80000002,11.06666667,0,0,1,yes
10067,3,19.5,19,1,0,0,yes
387,7,74.75,5,1,0,0,yes
10067,3,19.5,19.5,1,0,0,no
316,10,59.03000002,9.838333336,0,0,1,no
164,5,49.06999998,12.17526315,0,0,1,no
164,7,49.06999998,12.17526315,0,0,1,no
164,7,49.06999998,12.17526315,0,0,1,yes
11576,3,19.95,19.95,1,0,0,no
2046,5,19.95,19.95,1,0,0,no
2046,5,19.95,19.95,1,0,0,no
4028,5,19.95,19.95,1,0,0,no
534,7,19.95,19.95,1,0,0,no
2046,7,19.95,19.95,1,0,0,no
2046,7,19.95,19.95,1,0,0,no
2046,7,19.95,19.95,1,0,0,no
790,5,19.99,19.99,1,0,0,no
957,5,19.99,19.99,1,0,0,no
1051,5,19.99,19.99,1,0,0,no
1220,5,19.99,19.99,1,0,0,no
2993,7,19.99,19.99,1,0,0,no
4390,7,19.99,19.99,1,0,0,no
664,3,20,20,1,0,0,no
730,5,24.6,24.6,0,0,1,no
22501,5,20,20,1,0,0,no
22501,5,20,20,1,0,0,no
127,5,495.5799999,1.229757562,0,0,1,yes
801,3,26.99,14.99,1,0,0,yes
2993,7,27.17,14.99,1,0,0,yes
306,7,501.32,1.229750282,0,0,1,yes
133,5,45.44,8.99,1,0,0,yes
22501,5,20.5,20,1,0,0,yes
22501,5,20.5,20,1,0,0,yes
22501,5,20.5,20,1,0,0,yes
627,10,56.57000001,11.06804348,0,0,1,yes
434,7,41.5,9.99,1,0,0,yes
542,7,27.95,14.99,1,0,0,yes
756,3,20.5,20.5,1,0,0,no
2358,5,42.77,9.99,1,0,0,yes
3385,7,43,9.99,1,0,0,yes
277,7,76.74000001,17.84651163,0,1,0,yes
5271,7,20.95,20.95,1,0,0,no
10067,3,21,21,1,0,0,no
10067,3,21,21,1,0,0,no
10067,3,21,21,1,0,0,no
10067,3,21,21,1,0,0,no
10067,3,21,21,1,0,0,no
10067,3,21,21,1,0,0,no
22501,5,22.16,20,1,0,0,yes
164,5,55.95000002,12.17373627,0,0,1,yes
164,7,55.95000002,12.17373627,0,0,1,yes
3385,7,38.5,11.99,1,0,0,yes
3162,5,466,1,1,0,0,yes
501,7,52,9,1,0,0,yes
4283,5,23.5,19.99,1,0,0,yes
534,7,23.86,19.95,1,0,0,yes
22501,5,26.56,18,1,0,0,yes
83,5,48,9.99,1,0,0,yes
4397,7,21.99,21.99,1,0,0,no
816,3,22,22,1,0,0,no
164,5,60.62999999,12.1751927,0,0,1,yes
2433,3,22.5,22,1,0,0,yes
2046,5,25,19.95,1,0,0,yes
164,7,62.72000002,12.17505883,0,0,1,yes
8101,3,51,9.99,1,0,0,yes
6586,3,25.49,19.99,1,0,0,yes
1820,10,52.01,9.99,1,0,0,yes
1809,7,26.07,19.99,1,0,0,yes
5257,3,31,16.95,1,0,0,yes
127,5,646.8500002,1.229752852,0,0,1,yes
572,7,22.95,22.95,1,0,0,no
572,7,22.95,22.95,1,0,0,no
1405,7,72.55999997,11.06847457,0,0,1,no
1405,7,72.55999997,11.06847457,0,0,1,no
534,7,35.75,14.95,1,0,0,yes
10067,3,23.5,23,1,0,0,yes
58,10,33.45000001,24.59558824,0,0,1,yes
205,7,33.82000001,24.59636364,0,0,1,yes
1304,7,23.5,23.5,1,0,0,no
25433,7,23.5,23.5,1,0,0,no
534,7,28,19.99,1,0,0,yes
164,7,73.35,12.17376362,0,0,1,yes
164,5,73.66000002,12.17419032,0,0,1,no
32,7,730.4700002,1.229747475,0,0,1,yes
1620,10,60,9.95,1,0,0,yes
164,5,75.00999999,12.1737541,0,0,1,yes
354,5,615,0.99,1,0,0,yes
280,3,24.77,24.77,1,0,0,no
1029,7,219.52,8.905730081,0,1,0,yes
790,5,31,19.99,1,0,0,yes
351,3,24.95,24.95,1,0,0,no
10067,3,24.95,24.95,1,0,0,no
11576,5,24.95,24.95,1,0,0,no
3385,7,24.95,24.95,1,0,0,no
1779,1,24.99,24.99,1,0,0,no
4398,3,24.99,24.99,1,0,0,no
1163,7,24.99,24.99,1,0,0,no
2944,7,24.99,24.99,1,0,0,yes
3004,7,24.99,24.99,1,0,0,no
9747,5,25,25,1,0,0,no
5939,10,25,25,1,0,0,no
164,5,81.16000002,12.174,0,0,1,yes
62,5,66,9.99,1,0,0,yes
359,7,66,9.99,1,0,0,yes
534,7,33,19.99,1,0,0,yes
45,5,863.2800002,1.22974359,0,0,1,yes
88,5,71,9.99,1,0,0,yes
536,10,97.14999997,11.06772152,0,0,1,no
8,5,47.78,15,1,0,0,yes
148,7,120.5,5.99,1,0,0,yes
1155,7,26.99,26.99,1,0,0,no
4390,7,27,27,1,0,0,no
5564,7,27,27,1,0,0,no
985,7,75,9.99,1,0,0,yes
5257,3,27.95,27.95,1,0,0,no
17,7,79,9.99,1,0,0,yes
164,7,98.26,12.17489362,0,0,1,no
704,7,32.03,24.99,1,0,0,yes
534,7,41,19.95,1,0,0,yes
112,5,28.99,28.99,1,0,0,no
816,5,29,29,1,0,0,no
1100,3,86,9.99,1,0,0,yes
2358,5,86,9.99,1,0,0,yes
3325,3,86.04,9.99,1,0,0,yes
957,3,87.67,9.99,1,0,0,yes
534,7,29.95,29.95,1,0,0,no
572,7,29.95,29.95,1,0,0,no
3385,7,29.95,29.95,1,0,0,no
3385,7,29.95,29.95,1,0,0,no
841,3,29.99,29.99,1,0,0,no
534,7,29.99,29.99,1,0,0,no
1147,7,53.52,53.52,0,1,0,no
1155,7,29.99,29.99,1,0,0,no
1256,7,29.99,29.99,1,0,0,no
5564,7,29.99,29.99,1,0,0,no
7,3,36.89000001,36.89000001,0,0,1,no
2218,3,30,30,1,0,0,no
572,5,30,30,1,0,0,no
33,7,91,10,1,0,0,yes
164,7,118.06,12.1749375,0,0,1,yes
6787,7,56,16.99,1,0,0,yes
1364,5,30.95,30.95,1,0,0,no
361,1,31,31,1,0,0,no
933,1,51,19.99,1,0,0,yes
277,7,182.04,17.84705882,0,1,0,yes
5271,7,31.95,31.95,1,0,0,no
4457,7,32,32,1,0,0,no
534,7,34.66,29.95,1,0,0,yes
29,5,43,24.99,1,0,0,yes
22501,5,35.99,30,1,0,0,yes
352,5,32.95,32.95,1,0,0,no
4390,7,32.95,32.95,1,0,0,no
2358,5,114.5,9.99,1,0,0,yes
2304,7,37,31,1,0,0,yes
2427,3,33.95,33.95,1,0,0,no
2427,3,33.95,33.95,1,0,0,no
2427,3,33.95,33.95,1,0,0,no
320,3,117.5,9.99,1,0,0,yes
320,3,120.99,9.99,1,0,0,yes
671,5,34.95,34.95,1,0,0,no
25433,5,34.95,34.95,1,0,0,no
1405,3,34.99,34.99,1,0,0,no
3004,7,34.99,34.99,1,0,0,no
3004,7,34.99,34.99,1,0,0,no
3004,7,34.99,34.99,1,0,0,no
3004,7,34.99,34.99,1,0,0,no
4457,7,35,35,1,0,0,no
320,3,124.5,9.99,1,0,0,yes
180,7,51,24.95,1,0,0,yes
62,5,127.63,9.99,1,0,0,yes
3004,7,36.99,34.99,1,0,0,yes
1364,7,35.99,35.99,1,0,0,no
5564,5,36,36,1,0,0,no
1222,5,43.78,30,1,0,0,yes
2427,3,38.95,33.95,1,0,0,yes
5564,5,37,37,1,0,0,no
3004,7,40,34.99,1,0,0,yes
10067,3,37.95,37.95,1,0,0,no
29,7,150,9.99,1,0,0,yes
2944,7,60,24.99,1,0,0,yes
29,1,300,5,1,0,0,yes
2427,3,38.99,38.99,1,0,0,no
2427,3,38.99,38.99,1,0,0,no
2427,3,38.99,38.99,1,0,0,no
5,5,77,19.99,1,0,0,yes
3004,7,44.01,34.99,1,0,0,yes
10067,3,39.5,39.5,1,0,0,no
715,5,39.5,39.5,1,0,0,no
671,5,39.95,39.95,1,0,0,no
671,5,39.95,39.95,1,0,0,no
1663,3,39.99,39.99,1,0,0,no
22501,5,40,40,1,0,0,yes
320,3,162.5,9.99,1,0,0,yes
696,7,163,9.99,1,0,0,yes
507,7,163.72,9.99,1,0,0,yes
1,7,65.87,25,1,0,0,yes
534,7,47.52,34.95,1,0,0,yes
2358,5,167.5,9.99,1,0,0,yes
4390,7,41.49,41.49,1,0,0,no
1364,7,42,42,1,0,0,no
1162,5,177.5,9.99,1,0,0,yes
475,7,71,25,1,0,0,yes
3004,7,51,34.99,1,0,0,yes
648,5,48,39,1,0,0,yes
10067,3,43.5,43.5,1,0,0,no
10067,3,43.5,43.5,1,0,0,no
534,7,65.29,29.95,1,0,0,yes
1,5,197.5,9.99,1,0,0,yes
671,5,44.95,44.95,1,0,0,no
671,5,44.95,44.95,1,0,0,no
1135,3,202.5,9.99,1,0,0,yes
3004,7,44.99,44.99,1,0,0,no
2358,5,222.5,9.99,1,0,0,yes
671,5,47.5,47.5,1,0,0,no
671,5,47.5,47.5,1,0,0,no
8,7,91,25,1,0,0,yes
2992,3,49.95,49.95,1,0,0,no
352,5,49.95,49.95,1,0,0,no
3385,7,49.95,49.95,1,0,0,no
3385,7,49.95,49.95,1,0,0,no
10067,3,49.99,49.99,1,0,0,no
534,7,49.99,49.99,1,0,0,no
3004,7,49.99,49.99,1,0,0,no
552,3,50,50,1,0,0,yes
2191,7,50,50,1,0,0,yes
3004,7,63,39.99,1,0,0,yes
1560,7,256,9.99,1,0,0,yes
1,7,52,50,1,0,0,yes
5564,5,52,52,1,0,0,no
671,5,61,44.95,1,0,0,yes
2191,7,56,50,1,0,0,yes
2944,7,56.02,49.99,1,0,0,yes
1,7,81,35,1,0,0,yes
985,7,285,9.99,1,0,0,yes
27132,5,60,49,1,0,0,yes
671,5,66.77,44.95,1,0,0,yes
1321,3,152.5,19.99,1,0,0,yes
1948,7,157.54,19.95,1,0,0,yes
812,7,63,49.99,1,0,0,yes
10067,3,57,57,1,0,0,no
5564,7,59,59,1,0,0,no
2992,3,59.95,59.95,1,0,0,no
133,7,104.49,35,1,0,0,yes
3004,7,63,59.99,1,0,0,yes
6945,7,392.51,9.99,1,0,0,yes
3004,7,66,59.99,1,0,0,yes
1364,5,65.95,65.95,1,0,0,no
3246,3,67.95,67.95,1,0,0,no
668,10,166.02,43.04222223,0,0,1,yes
2992,5,74,65,1,0,0,yes
8,5,69.99,69.99,1,0,0,yes
52,7,491,9.99,1,0,0,yes
5564,5,73,73,1,0,0,no
320,3,560,9.99,1,0,0,yes
6,7,276.6899999,30.74333333,0,0,1,no
1364,7,76.5,76.5,1,0,0,no
2992,3,79,79,1,0,0,yes
3385,7,79.95,79.95,1,0,0,no
2358,5,79.99,79.99,1,0,0,no
993,7,79.99,79.99,1,0,0,no
993,7,80.99,79.99,1,0,0,yes
993,7,80.99,79.99,1,0,0,yes
2992,5,82.95,82.95,1,0,0,no
1364,5,83.95,83.95,1,0,0,no
2992,5,86,82.95,1,0,0,yes
1364,5,85,85,1,0,0,no
146,7,85,85,1,0,0,no
534,7,103.5,69.99,1,0,0,yes
2992,5,93,82.95,1,0,0,yes
1364,7,89,89,1,0,0,no
590,10,797,9.95,1,0,0,yes
146,3,89.95,89.95,1,0,0,no
2992,3,89.95,89.95,1,0,0,no
2992,3,89.95,89.95,1,0,0,no
2992,3,89.95,89.95,1,0,0,no
2992,3,89.95,89.95,1,0,0,no
2992,3,89.95,89.95,1,0,0,no
146,5,89.95,89.95,1,0,0,no
1364,5,89.95,89.95,1,0,0,no
1364,7,90,90,1,0,0,no
10,5,170.5,50,1,0,0,yes
2992,3,99.09,89.95,1,0,0,yes
2992,3,95,95,1,0,0,no
146,5,95,95,1,0,0,no
156,7,187.5,50,1,0,0,yes
14,5,971,9.99,1,0,0,yes
7,3,222.58,67.63480664,0,0,1,yes
2992,3,99.95,99.95,1,0,0,no
2992,3,99.95,99.95,1,0,0,no
993,7,99.99,99.99,1,0,0,no
993,7,99.99,99.99,1,0,0,no
993,7,99.99,99.99,1,0,0,no
993,7,99.99,99.99,1,0,0,no
993,7,99.99,99.99,1,0,0,no
1131,10,100,100,1,0,0,no
301,7,117.5,93.63,1,0,0,yes
1364,5,108,108,1,0,0,no
534,7,154.23,79.99,1,0,0,yes
378,7,237.37,169.55,0,1,0,yes
146,5,115,115,1,0,0,no
1364,7,117,117,1,0,0,no
668,7,313.59,67.63705883,0,0,1,no
2992,3,121.5,119,1,0,0,yes
251,1,145,99.99,1,0,0,yes
2992,3,122.5,119,1,0,0,yes
33,7,167.5,90,1,0,0,yes
1364,7,128,128,1,0,0,no
1364,7,128,128,1,0,0,no
48,3,177.5,100,1,0,0,yes
1364,7,135,132,1,0,0,yes
1364,7,134,134,1,0,0,no
5564,5,135,135,1,0,0,no
325,10,389,50,1,0,0,yes
13,10,250.87,122.9754902,0,0,1,yes
13,7,278.29,122.9739284,0,0,1,yes
993,7,159.99,159.99,1,0,0,no
2992,3,169,169,1,0,0,no
5564,3,175,175,1,0,0,no
67,7,227.5,150,1,0,0,yes
71,7,730,50,1,0,0,yes
5564,5,192,192,1,0,0,no
993,7,199.99,199.99,1,0,0,no
2358,5,202.5,199.99,1,0,0,yes
155,7,421,99.99,1,0,0,yes
2992,5,229.5,199,1,0,0,yes
862,5,219,219,1,0,0,no
374,7,545,100,1,0,0,yes
0,10,590,99,1,0,0,yes
4,10,780.8899997,122.9748031,0,0,1,yes
1,7,417.99,200,1,0,0,yes
97,3,290,290,1,0,0,no
142,7,521.55,200,1,0,0,yes
2992,5,359.95,359.95,1,0,0,no
21,5,610,300,1,0,0,yes
1400,5,549,549,1,0,0,no
57,7,820,650,1,0,0,yes
145,7,999,999,1,0,0,no
